,Whse_A,Whse_J,Whse_C,Whse_S,Total
Product_0001,1517.731889,2993.063248,,,4510.795138
Product_0002,,,2457.183756,156898.4154,159355.5992
Product_0003,,1958.363894,,116.761467,2075.125361
Product_0004,,2794.151258,,,2794.151258
Product_0005,,193.5778652,,,193.5778652
Product_0006,,209.9627471,,,209.9627471
Product_0007,,8065.343379,,,8065.343379
Product_0008,,5357.738462,4127.892098,,9485.63056
Product_0009,,1253.178403,,,1253.178403
Product_0010,,1568.835607,,,1568.835607
Product_0011,,34913.94381,,,34913.94381
Product_0012,,40668.02766,884.8406247,19114.50841,60667.37669
Product_0013,,4791.866622,,,4791.866622
Product_0014,,9632.991271,,,9632.991271
Product_0015,,8230.602461,,,8230.602461
Product_0016,,100248.3682,,,100248.3682
Product_0017,,8937.639031,,,8937.639031
Product_0018,,74231.97035,,,74231.97035
Product_0019,,15718.95493,,,15718.95493
Product_0020,1923.332732,23482.7154,,,25406.04813
Product_0021,,33200.23651,61179.5703,94824.94956,189204.7564
Product_0022,,8086.354778,,,8086.354778
Product_0023,,839.9745109,,,839.9745109
Product_0024,,17821.32513,,,17821.32513
Product_0025,,6651.217054,,,6651.217054
Product_0026,,5206.206973,,,5206.206973
Product_0027,,2265.417992,,,2265.417992
Product_0028,,554.845701,,,554.845701
Product_0029,,49.6075136,,,49.6075136
Product_0030,,822.3132727,,,822.3132727
Product_0031,300.1240058,119915.7082,,2330.847464,122546.6796
Product_0032,,15527.12821,,,15527.12821
Product_0033,,286776.2387,54755.42598,877681.2537,1219212.918
Product_0034,,14694.35001,,1084.471196,15778.82121
Product_0035,,19334.55694,,,19334.55694
Product_0036,,46779.12344,8.95E-13,12615.40146,59394.5249
Product_0037,,8765.909366,,,8765.909366
Product_0038,,,41490.78356,,41490.78356
Product_0039,,678.3044866,,,678.3044866
Product_0040,,2366.150209,,,2366.150209
Product_0041,,673.4389042,,,673.4389042
Product_0042,,874.8229578,,,874.8229578
Product_0043,,1181.494573,,,1181.494573
Product_0044,,,283.8217148,,283.8217148
Product_0045,,119.4703654,,,119.4703654
Product_0046,,846.2186792,,,846.2186792
Product_0047,,4373.877553,,,4373.877553
Product_0048,,176.5815786,,,176.5815786
Product_0049,,988.3872781,,,988.3872781
Product_0050,,3245.191337,,4853.643463,8098.8348
Product_0051,,1678.706376,,,1678.706376
Product_0052,,1924.982127,,,1924.982127
Product_0053,,8390.604034,,,8390.604034
Product_0054,,3098.921442,,,3098.921442
Product_0055,,2939.923414,,,2939.923414
Product_0056,,2693.281983,,,2693.281983
Product_0057,,1.09E-21,,,1.09E-21
Product_0058,,-0.426587329,,,-0.426587329
Product_0059,,-0.401996064,,,-0.401996064
Product_0060,,0.618039283,,,0.618039283
Product_0061,,201.1802981,,,201.1802981
Product_0062,,8381.009512,,,8381.009512
Product_0063,,92934.36721,82593.32562,18032.39337,193560.0862
Product_0064,,79551.10932,,270452.1434,350003.2527
Product_0065,,150077.4578,,,150077.4578
Product_0066,,321241.7254,,,321241.7254
Product_0067,,1328.066395,,,1328.066395
Product_0068,,1067.177161,,,1067.177161
Product_0069,,207.7268101,,,207.7268101
Product_0070,,140181.8347,,29742.20748,169924.0422
Product_0071,,42604.71138,611936.5607,3718.045929,658259.318
Product_0072,,-1.10E-10,,,-1.10E-10
Product_0073,,328953.3888,,,328953.3888
Product_0074,,46330.86534,,,46330.86534
Product_0075,-1.541692652,,,,-1.541692652
Product_0076,,-122.5131584,,,-122.5131584
Product_0077,,,,34804.45593,34804.45593
Product_0078,-3034.825996,53.03384112,,,-2981.792155
Product_0079,,99530.14213,,,99530.14213
Product_0080,,2286.080679,,,2286.080679
Product_0081,1464.277773,2031.980104,,,3496.257876
Product_0082,,127092.5756,,63684.15157,190776.7272
Product_0083,,187364.9234,164892.3796,4819394.004,5171651.307
Product_0084,,,,211493.256,211493.256
Product_0085,,14682.67036,,,14682.67036
Product_0086,,22743.89622,,,22743.89622
Product_0087,,4402.836725,,,4402.836725
Product_0088,,-8.50E-13,,,-8.50E-13
Product_0089,,24411.79864,,,24411.79864
Product_0090,,4996.60741,,,4996.60741
Product_0091,963.3107847,,,,963.3107847
Product_0093,,78327.78205,74888.7925,,153216.5746
Product_0094,,,350496.1591,262461.2311,612957.3902
Product_0095,,8270.532942,,,8270.532942
Product_0097,2739.210988,-33.18067184,,,2706.030316
Product_0098,,139902.1641,,,139902.1641
Product_0099,,65712.19252,,,65712.19252
Product_0100,,,12451.97344,,12451.97344
Product_0101,,3936.165599,,,3936.165599
Product_0102,,185.8574041,,,185.8574041
Product_0103,,93.16498311,,,93.16498311
Product_0104,,34.94303561,,,34.94303561
Product_0105,,118.1126805,,,118.1126805
Product_0106,,,,78.39232393,78.39232393
Product_0107,,8941.431646,,,8941.431646
Product_0108,,110616.3966,,,110616.3966
Product_0109,,59944.64355,,,59944.64355
Product_0110,,805.0177626,,288.6897716,1093.707534
Product_0111,,923.8545275,,1366.943942,2290.79847
Product_0112,,,,-172.7110019,-172.7110019
Product_0113,,4331.207058,,,4331.207058
Product_0114,,-50,,,-50
Product_0115,,844.6958805,,2223.518402,3068.214282
Product_0116,,11.89705926,28.71227044,,40.6093297
Product_0117,,145.2106786,,1370.00095,1515.211629
Product_0118,,169.5977217,,546.4694084,716.0671301
Product_0119,-8.983715147,24.00886621,60.00001,,75.02516106
Product_0120,1766.789814,,,,1766.789814
Product_0121,32.16670105,,,,32.16670105
Product_0122,4633.133092,,,,4633.133092
Product_0123,6391.567265,,,,6391.567265
Product_0124,,67.43700934,,,67.43700934
Product_0125,-18.77782516,0.492818343,3.509607485,37.21760042,22.44220109
Product_0126,,17947.49915,,,17947.49915
Product_0127,,984.1311351,,,984.1311351
Product_0128,,5398.995064,,,5398.995064
Product_0129,,1332.236052,,,1332.236052
Product_0130,76.71883106,213.7844636,,285.3434575,575.8467522
Product_0131,17.31572146,,,-12.87487012,4.440851335
Product_0132,83.42974569,,,,83.42974569
Product_0133,1.336040412,,,,1.336040412
Product_0134,-29.06633297,,,,-29.06633297
Product_0135,0.931174473,,,,0.931174473
Product_0136,0.10536139,,,,0.10536139
Product_0137,63.14011898,,,,63.14011898
Product_0138,,3934.366031,,,3934.366031
Product_0139,,1172.687434,,,1172.687434
Product_0140,800.5235577,2859.906156,,471.7475471,4132.177261
Product_0141,,657.5072589,,,657.5072589
Product_0142,,11.68749457,,,11.68749457
Product_0143,,,,1271.102481,1271.102481
Product_0144,,,3581.767023,,3581.767023
Product_0145,,,,6772.619697,6772.619697
Product_0146,,,,35957.41815,35957.41815
Product_0147,,,-1.38E-12,,-1.38E-12
Product_0148,-1.786099316,,,,-1.786099316
Product_0149,23.6578717,,,,23.6578717
Product_0150,30.4842992,-928.9893374,,260.8356993,-637.6693389
Product_0151,6.215474122,,,16.95477496,23.17024908
Product_0152,,2.80322369,,,2.80322369
Product_0153,,,,1560.309745,1560.309745
Product_0154,,,,2427.787656,2427.787656
Product_0155,,,,4751.888749,4751.888749
Product_0156,,23.19780999,,,23.19780999
Product_0157,,24.96979174,,,24.96979174
Product_0158,,28.57597517,,4474.858295,4503.43427
Product_0159,,-4.938377298,,887.2522523,882.313875
Product_0160,,26.9779669,,,26.9779669
Product_0161,,-52.04516895,,,-52.04516895
Product_0162,,,,525.7008805,525.7008805
Product_0163,,-91.9634572,,,-91.9634572
Product_0164,,-25.01973312,,,-25.01973312
Product_0165,,-13.73998136,,,-13.73998136
Product_0166,,,,628.346803,628.346803
Product_0167,,90.99030922,,,90.99030922
Product_0168,606.2145389,20.40281973,,,626.6173587
Product_0169,56.58136329,,,,56.58136329
Product_0170,,-0.641978306,,,-0.641978306
Product_0171,,,,3949.986308,3949.986308
Product_0172,10.35291915,80.56919118,,-64.99607467,25.92603566
Product_0173,,79.68787466,,,79.68787466
Product_0174,,829.5778616,,,829.5778616
Product_0175,,-39.4460746,,,-39.4460746
Product_0176,,-22.94422456,,,-22.94422456
Product_0177,,282.3463381,,,282.3463381
Product_0178,,22042.79693,,2401.828063,24444.62499
Product_0179,,667.9484046,,7109.461749,7777.410153
Product_0180,,101.6572245,,,101.6572245
Product_0181,,1013.73778,,,1013.73778
Product_0182,,2.948339416,,,2.948339416
Product_0183,,7419.888597,,,7419.888597
Product_0184,,1951.724263,,,1951.724263
Product_0185,,1743.939118,,,1743.939118
Product_0186,,-77.33319578,,,-77.33319578
Product_0187,,1144.603113,,,1144.603113
Product_0188,,1251.994897,,,1251.994897
Product_0189,-378.8732725,,,,-378.8732725
Product_0190,8436.865199,,,,8436.865199
Product_0191,187.2198799,,34147.13361,,34334.35349
Product_0192,,,2067.751732,,2067.751732
Product_0193,1970.81126,,17921.50791,,19892.31917
Product_0194,,,4496.587067,,4496.587067
Product_0195,,,3493.331375,,3493.331375
Product_0196,,151.5490228,,,151.5490228
Product_0197,,226.7277783,,,226.7277783
Product_0198,,11.03081244,,,11.03081244
Product_0199,,194.0035542,,,194.0035542
Product_0200,9641.628951,1.279882647,-338.5760465,2002.239061,11306.57185
Product_0201,3480.70706,,,,3480.70706
Product_0202,1560.478469,,15700.02933,14194.40856,31454.91637
Product_0203,685.7173726,,,,685.7173726
Product_0204,905.4239607,,429.2963447,1371.112657,2705.832962
Product_0205,252.7427027,,,,252.7427027
Product_0206,4907.326317,-88.91778089,18209.0212,972.5616626,23999.9914
Product_0207,1571.780998,,,,1571.780998
Product_0208,20.5727164,,1204.9225,4141.10729,5366.602506
Product_0209,2285.76545,,2922.693185,4616.234799,9824.693435
Product_0210,850.4722905,,,,850.4722905
Product_0211,3880.802252,,,1048.970022,4929.772274
Product_0212,1576.676045,,,,1576.676045
Product_0213,1326.817773,,2670.499454,6043.564942,10040.88217
Product_0214,,21306.56107,,9139.317954,30445.87903
Product_0215,,8442.680029,7805.436453,18977.8453,35225.96179
Product_0216,,123.0002912,,,123.0002912
Product_0217,,4267.198436,,6865.041175,11132.23961
Product_0218,,87.02828172,,,87.02828172
Product_0219,,4213.837254,,1112.987429,5326.824682
Product_0220,,355.8316242,,,355.8316242
Product_0221,,613.6035872,,7239.413484,7853.017071
Product_0222,,210.1297659,,,210.1297659
Product_0223,,720.3744038,,,720.3744038
Product_0224,,654.7581338,,9824.657326,10479.41546
Product_0225,10438.89752,4487.196722,,4648.399847,19574.49409
Product_0226,1074.386073,191.5663652,-1058.095809,5140.295927,5348.152557
Product_0227,,6.661514539,,301.9064858,308.5680003
Product_0228,4367.242126,1978.348689,,1074.339707,7419.930522
Product_0229,,12.7834978,-8.921279346,2106.509487,2110.371705
Product_0230,539.7437457,108.072076,,,647.8158218
Product_0231,6.88E-14,22.77095148,,698.2460499,721.0170014
Product_0232,8.125684314,-3.140665291,,,4.985019023
Product_0246,-24.74380711,,,,-24.74380711
Product_0247,-5.09675971,,,,-5.09675971
Product_0248,,1886.692587,,,1886.692587
Product_0249,60.76593809,697.7331035,7022.139646,,7780.638688
Product_0250,2393.500792,550.630246,11966.70891,629.9089166,15540.74886
Product_0251,,22.18796502,,,22.18796502
Product_0252,,365.225911,,,365.225911
Product_0253,,260.4720916,,,260.4720916
Product_0254,,-13.13812724,,,-13.13812724
Product_0255,,988.9336636,,,988.9336636
Product_0256,,6.706027388,,,6.706027388
Product_0257,,6.860726059,,,6.860726059
Product_0258,,9.350908058,,,9.350908058
Product_0259,,1.328709417,,,1.328709417
Product_0260,,2.022708975,,,2.022708975
Product_0261,,-6.281522439,,178.5406728,172.2591503
Product_0262,,-4.082850947,,,-4.082850947
Product_0263,,10.78266627,,,10.78266627
Product_0264,,32.51201206,,,32.51201206
Product_0265,,-53.91650151,,,-53.91650151
Product_0266,,9.380139005,,,9.380139005
Product_0267,,4.559128932,,,4.559128932
Product_0268,,1.77479162,,,1.77479162
Product_0269,,15.27062932,,,15.27062932
Product_0270,,1.232885215,,,1.232885215
Product_0271,,24.17001135,,,24.17001135
Product_0272,247.4154741,,,,247.4154741
Product_0273,55.65499231,1014.689492,,,1070.344485
Product_0274,112.1602433,,,,112.1602433
Product_0275,,3127.576071,,,3127.576071
Product_0276,,475.4787278,,,475.4787278
Product_0277,,234.8526752,,,234.8526752
Product_0278,,65.56900067,,,65.56900067
Product_0279,,-9.455771621,,,-9.455771621
Product_0280,,-5.071884337,,,-5.071884337
Product_0281,,504.7456436,,,504.7456436
Product_0282,,258.0260516,,,258.0260516
Product_0283,,757.4129784,,,757.4129784
Product_0284,,619.344175,,,619.344175
Product_0285,,88.1860979,,,88.1860979
Product_0286,,2111.393162,,,2111.393162
Product_0287,90.86659117,5821.753656,,1764.456965,7677.077212
Product_0288,148.6992197,827.748075,4435.266594,2405.339396,7817.053285
Product_0289,,42.91871167,,,42.91871167
Product_0290,,58.7135134,,,58.7135134
Product_0291,,-98.97841967,,,-98.97841967
Product_0292,,54.87040244,,,54.87040244
Product_0293,109.5709761,,,,109.5709761
Product_0294,77.47121712,506.8982727,,,584.3694898
Product_0295,-1.93E-18,-6.90E-22,,,-1.93E-18
Product_0296,,-14.22721102,,,-14.22721102
Product_0297,,265.1355283,,,265.1355283
Product_0298,,167.9131001,,,167.9131001
Product_0299,,-280.2419342,,,-280.2419342
Product_0300,27.44358241,-29.19328738,,,-1.74970497
Product_0301,129.2286112,1432.996718,,2220.748677,3782.974006
Product_0302,-18.51639755,169.2847382,,,150.7683407
Product_0303,,-41.55195259,,,-41.55195259
Product_0304,81.06632594,358.8386061,-81.99924757,1069.702805,1427.608489
Product_0305,,49.18717798,,,49.18717798
Product_0306,,-1.233515745,,,-1.233515745
Product_0307,,-67.69969361,,,-67.69969361
Product_0308,608.5621116,2295.041521,,58.27398177,2961.877614
Product_0309,,0.307545282,,,0.307545282
Product_0310,,-33.83485498,,,-33.83485498
Product_0311,-56.4879608,496.07355,,,439.5855892
Product_0312,,,51.73434236,,51.73434236
Product_0313,,216.3961195,,,216.3961195
Product_0314,,467.5411946,,,467.5411946
Product_0315,,15.3607097,,,15.3607097
Product_0316,,82.35738682,,,82.35738682
Product_0317,,106.8853435,,,106.8853435
Product_0318,-2.898796381,-1.924468402,,,-4.823264783
Product_0319,2.52E-18,,,,2.52E-18
Product_0320,-3.70E-15,,,,-3.70E-15
Product_0321,112.6240498,,,1.14E-13,112.6240498
Product_0322,,150.7638279,,,150.7638279
Product_0323,,34.9728235,,,34.9728235
Product_0324,,-1.7891925,,,-1.7891925
Product_0325,50.22322325,52.10738101,,125.5140187,227.844623
Product_0326,20.88024715,,,,20.88024715
Product_0327,,5.948551548,,,5.948551548
Product_0328,,-4.75E-28,,,-4.75E-28
Product_0329,13.07255479,6.586321801,,,19.65887659
Product_0330,-9.911244776,,,,-9.911244776
Product_0331,,-1.062883789,,,-1.062883789
Product_0332,,42.1772897,,,42.1772897
Product_0333,165.7392214,1127.831376,,768.5843268,2062.154925
Product_0334,,9.415107161,,,9.415107161
Product_0335,,584.9735384,,,584.9735384
Product_0336,,6.27856457,,,6.27856457
Product_0337,-41.47811141,101.943481,,57.47020759,117.9355772
Product_0338,,-27.97801058,,,-27.97801058
Product_0339,,2.658446511,,,2.658446511
Product_0340,,24.75824779,,,24.75824779
Product_0341,,-25.91988112,,,-25.91988112
Product_0342,-1.598078799,,-10.30163735,76.77312789,64.87341173
Product_0343,,,,11.86306419,11.86306419
Product_0344,,593.6609225,,,593.6609225
Product_0345,,-266.2195643,,,-266.2195643
Product_0346,,20.99989661,,,20.99989661
Product_0347,-1.995885917,,,,-1.995885917
Product_0348,,366.2921387,,,366.2921387
Product_0349,885.2473028,142.6143809,4765.459446,482.7310074,6276.052137
Product_0350,,-4.19035216,,,-4.19035216
Product_0351,,48.30584579,,,48.30584579
Product_0352,-13.48582001,,,58.51057246,45.02475245
Product_0353,390.927721,-19.88782525,,-45.70160745,325.3382883
Product_0354,,15.95633182,,13.44455509,29.40088691
Product_0355,,51686.45033,,,51686.45033
Product_0356,,11353.21408,,,11353.21408
Product_0357,,68530.38355,,,68530.38355
Product_0358,,225.6242996,,,225.6242996
Product_0359,,804.9225007,,,804.9225007
Product_0361,,589.0509685,,,589.0509685
Product_0362,,3.824534829,,,3.824534829
Product_0363,,-1.30804498,,,-1.30804498
Product_0364,2.359333744,5.256525724,,,7.615859468
Product_0365,0.552952662,8.631049758,,,9.18400242
Product_0366,,,,18946.37679,18946.37679
Product_0367,,4305.317693,,,4305.317693
Product_0368,,,-284.9803006,6786.909156,6501.928856
Product_0369,,-2.57E-16,,,-2.57E-16
Product_0370,,507.0042292,,,507.0042292
Product_0371,,,,4714.104149,4714.104149
Product_0372,,,,-3.86E-11,-3.86E-11
Product_0373,,673.8870315,,,673.8870315
Product_0374,,,14912.85767,114211.1044,129123.962
Product_0375,,-24.91996266,,,-24.91996266
Product_0376,,,,50937.4135,50937.4135
Product_0377,,712.9560005,,,712.9560005
Product_0378,,2698.767873,,,2698.767873
Product_0379,,,,79189.94506,79189.94506
Product_0380,,1626.061938,,,1626.061938
Product_0381,,,,12808.11263,12808.11263
Product_0382,,858.1047396,,,858.1047396
Product_0383,,3371.046901,,-2.37E-18,3371.046901
Product_0384,,,,4364.867702,4364.867702
Product_0385,,,,667.4612383,667.4612383
Product_0386,,232.5539263,,,232.5539263
Product_0387,,,21654.61026,171548.7718,193203.3821
Product_0389,,-71.73709829,,,-71.73709829
Product_0390,,,,15091.53854,15091.53854
Product_0391,,,,12183.72332,12183.72332
Product_0392,,,,7735.372884,7735.372884
Product_0393,,4.017920221,,,4.017920221
Product_0394,-25.8080414,-66.0020274,,,-91.8100688
Product_0395,34.19317656,31.34223292,,,65.53540948
Product_0396,,-13.8769835,,,-13.8769835
Product_0397,,643.0106388,,,643.0106388
Product_0398,,,,44852.68707,44852.68707
Product_0399,,3240.705391,,,3240.705391
Product_0400,,539.2618373,,,539.2618373
Product_0401,,,,2752.492896,2752.492896
Product_0402,,-54.13449113,,,-54.13449113
Product_0403,,,,80.29555265,80.29555265
Product_0404,,,,2870.861687,2870.861687
Product_0405,,,,81.75140794,81.75140794
Product_0406,,2637.322333,,,2637.322333
Product_0407,,86306.17711,,,86306.17711
Product_0408,,47725.50389,,,47725.50389
Product_0409,,1981.417494,,,1981.417494
Product_0410,,1250.248576,,,1250.248576
Product_0411,,,,369.8432789,369.8432789
Product_0412,111.9599729,97.77416708,391.4099132,45.04631093,646.1903641
Product_0413,43192.94089,,,,43192.94089
Product_0414,849.8207501,,,,849.8207501
Product_0415,14560.35837,,,,14560.35837
Product_0416,1472.261017,,,,1472.261017
Product_0417,296.5121227,,,,296.5121227
Product_0418,17448.27786,,,,17448.27786
Product_0419,142.0224774,,,,142.0224774
Product_0420,-10419.86362,,,,-10419.86362
Product_0421,-315.5847188,,,,-315.5847188
Product_0422,68966.53667,,,,68966.53667
Product_0423,70.68174725,,,,70.68174725
Product_0424,175473.9778,,,,175473.9778
Product_0425,15731.82963,,,,15731.82963
Product_0426,4408.88743,,,,4408.88743
Product_0427,18511.7061,,,,18511.7061
Product_0428,234.5625666,,,,234.5625666
Product_0429,,-129.4843279,,,-129.4843279
Product_0430,,133.0128811,,,133.0128811
Product_0431,,2971.92909,,,2971.92909
Product_0432,-3.943630078,3.983910981,,27.36216825,27.40244915
Product_0433,,10612.4835,,,10612.4835
Product_0434,,,,2656.935097,2656.935097
Product_0435,,,,239.9671227,239.9671227
Product_0436,-2.20E-16,,,,-2.20E-16
Product_0437,0,,,1.02E-17,1.02E-17
Product_0438,,,,-12,-12
Product_0439,,,1378.193325,161.9401218,1540.133447
Product_0440,,,,-30,-30
Product_0442,-1.01E-20,,,,-1.01E-20
Product_0443,,-3.412029832,232.762583,680.5831339,909.9336871
Product_0444,,-1.296917165,,102.0560035,100.7590863
Product_0445,,1346.399052,-50.62949536,54.51773042,1350.287287
Product_0446,,-8.547378982,,,-8.547378982
Product_0447,,-0.081769326,,,-0.081769326
Product_0448,,128.5707691,,,128.5707691
Product_0449,,9.145830293,,,9.145830293
Product_0450,,-22.27078693,,,-22.27078693
Product_0451,,-41.99810754,,,-41.99810754
Product_0453,144.73166,103.7899865,530.5780283,-49.44436274,729.6553121
Product_0454,6.330966822,11.71046451,,124.3523888,142.3938202
Product_0455,,-6.143832019,,4.571587083,-1.572244937
Product_0456,9.466836524,,,,9.466836524
Product_0457,,19.64366168,,,19.64366168
Product_0458,91.40338682,362.3236285,206.4628297,35.29467379,695.4845188
Product_0459,,212.1252889,,,212.1252889
Product_0460,24.96427113,-15.75859605,,-37.90433739,-28.69866231
Product_0461,,6.855829412,,,6.855829412
Product_0462,,-30.46868518,,,-30.46868518
Product_0463,158.0861399,272.7287387,643.3059062,560.4128024,1634.533587
Product_0464,,17.09374251,,77.36518191,94.45892441
Product_0467,-0.457380913,,,,-0.457380913
Product_0468,,3.317032053,,,3.317032053
Product_0469,,1937.462435,1113.929277,,3051.391712
Product_0470,,,,1367.946262,1367.946262
Product_0471,15.97544838,2.050691798,30.11674105,187.0662253,235.2091065
Product_0472,,3.03449126,,,3.03449126
Product_0473,,15.52197554,,,15.52197554
Product_0474,7.614817032,7.818397014,,,15.43321405
Product_0475,,-1.19E-14,,,-1.19E-14
Product_0476,,596.7835511,,-243.598735,353.1848161
Product_0477,,,5601.955448,,5601.955448
Product_0478,,18751.11073,,,18751.11073
Product_0479,,20860.24615,,,20860.24615
Product_0480,,,,8.349919822,8.349919822
Product_0481,,22.94130381,,,22.94130381
Product_0482,,7.471195313,,,7.471195313
Product_0484,73.76938692,,,,73.76938692
Product_0485,,273.1648248,,,273.1648248
Product_0486,58.53786248,49.68632891,,6263.528002,6371.752193
Product_0487,198.3101198,14.66662974,,338.5636452,551.5403948
Product_0488,,-32.83672984,,,-32.83672984
Product_0489,,233.0927182,,,233.0927182
Product_0490,,33.49698057,,,33.49698057
Product_0491,,,126.1603146,312.7178766,438.8781912
Product_0492,,19.60179521,,,19.60179521
Product_0493,,-1989.137481,,,-1989.137481
Product_0494,,-0.184642354,,,-0.184642354
Product_0495,11.84533266,,424.1440098,436.479641,872.4689834
Product_0496,25.80595147,,,-15.80978945,9.996162021
Product_0497,,100.9387739,,,100.9387739
Product_0498,,7.987487206,,,7.987487206
Product_0499,,-5.603632828,,,-5.603632828
Product_0500,,-6.516775888,,,-6.516775888
Product_0501,,-15.724596,,,-15.724596
Product_0502,,9.944299996,,,9.944299996
Product_0503,,109.8092881,,62.53389733,172.3431855
Product_0504,,0.461675583,,,0.461675583
Product_0505,401.3913869,251.1516367,,61.46919962,714.0122232
Product_0507,19.10844584,,,,19.10844584
Product_0508,,26.8710104,,-41.9547504,-15.08374
Product_0510,,-1.83E-18,,,-1.83E-18
Product_0511,,,,883.239136,883.239136
Product_0512,846.8032671,21.67623048,,1210.683978,2079.163475
Product_0513,,252.2496654,,,252.2496654
Product_0514,,459.3273638,,2564.508258,3023.835622
Product_0515,,,,645.029977,645.029977
Product_0516,183.4903374,192.3386566,,475.5079072,851.3369012
Product_0517,,132.2153098,,362.3865083,494.6018181
Product_0518,,,,32.71647364,32.71647364
Product_0519,,,,2.083357418,2.083357418
Product_0520,,5.026879159,,-13.88101783,-8.854138669
Product_0521,,,,4.603264627,4.603264627
Product_0522,,,,246.3611237,246.3611237
Product_0523,,,,466.5422368,466.5422368
Product_0524,,164.4507696,,157.6218051,322.0725746
Product_0525,,-1.61738731,,2.802087856,1.184700545
Product_0526,,-0.791104001,,2.742213903,1.951109901
Product_0527,,,,-9.634117472,-9.634117472
Product_0528,,,,3.000959017,3.000959017
Product_0529,,1.240954768,,2.383178203,3.624132971
Product_0530,,,,-19.27983506,-19.27983506
Product_0531,,,,59.94583175,59.94583175
Product_0532,,,,1678.568432,1678.568432
Product_0533,314.3863046,49.93432104,,148.1308072,512.4514329
Product_0534,,264.4023563,,431.6494417,696.0517979
Product_0535,,,,-28.85559243,-28.85559243
Product_0536,,,,8.588840475,8.588840475
Product_0537,,0.176672795,,19.00117769,19.17785048
Product_0538,,28.85475323,,54.93617305,83.79092628
Product_0539,,2.324884622,,-2.703465401,-0.378580779
Product_0540,,-1.927308858,,,-1.927308858
Product_0541,,,,1.900604851,1.900604851
Product_0542,,,,16.16630898,16.16630898
Product_0543,,,,292.6174187,292.6174187
Product_0544,31.2626244,-10.67931034,,361.0136243,381.5969383
Product_0545,,213.2362371,,,213.2362371
Product_0546,,257.6881561,,,257.6881561
Product_0547,230.8467145,96.11272925,,,326.9594437
Product_0548,-9.641789613,148.845897,,,139.2041074
Product_0549,,,,3927.488917,3927.488917
Product_0550,,,933.992318,,933.992318
Product_0551,,,-8.22E-14,461.1103539,461.1103539
Product_0552,,,13052.69844,3028.330691,16081.02913
Product_0553,,,15646.15829,8600.490843,24246.64913
Product_0554,,,,1323.014946,1323.014946
Product_0555,,,482.8449165,,482.8449165
Product_0556,,,172573.3788,2436.381679,175009.7604
Product_0557,,,220.6529915,86616.90178,86837.55477
Product_0558,,,3602.628826,6987.725346,10590.35417
Product_0559,,,11225.3064,,11225.3064
Product_0560,,,,6426.785001,6426.785001
Product_0561,,,2594.522473,4975.368645,7569.891118
Product_0562,,,1578.31284,2721.046336,4299.359176
Product_0563,,,,968.5492497,968.5492497
Product_0564,,1256.835683,,,1256.835683
Product_0565,2.539193989,,,,2.539193989
Product_0566,,,,-6.412664824,-6.412664824
Product_0567,0,,,,0
Product_0569,,424.5000707,,1.16E-15,424.5000707
Product_0570,,34.50000575,,599.7908192,634.290825
Product_0571,,0,,-97.53276402,-97.53276402
Product_0573,,,,1216.253812,1216.253812
Product_0574,,,,187.1500386,187.1500386
Product_0575,,,,179.6138095,179.6138095
Product_0578,,0,,9.0000015,9.0000015
Product_0579,,,,0,0
Product_0581,,20.71170512,,,20.71170512
Product_0582,,578.6368787,,,578.6368787
Product_0583,,1145.930655,,3.33E-17,1145.930655
Product_0584,,808.8655517,,,808.8655517
Product_0585,,90.14788799,,,90.14788799
Product_0586,,10.85290829,,57.12519039,67.97809868
Product_0587,,,,945.9311437,945.9311437
Product_0588,,241.8851812,,653.5642228,895.4494041
Product_0589,,,,765.7285982,765.7285982
Product_0590,,909.3632124,,,909.3632124
Product_0591,,,,-94.31754925,-94.31754925
Product_0592,,,,141.9806267,141.9806267
Product_0593,,61.499325,,46.53223969,108.0315647
Product_0594,,11.96486921,,,11.96486921
Product_0595,,,,164.5200403,164.5200403
Product_0596,,114.1383287,,,114.1383287
Product_0597,,0.482815322,,,0.482815322
Product_0598,,0.294566197,,,0.294566197
Product_0599,663.3337663,,,,663.3337663
Product_0600,,68.0280318,,,68.0280318
Product_0601,,-3.821937387,,,-3.821937387
Product_0602,,49.98389948,,,49.98389948
Product_0603,,1303.670158,,,1303.670158
Product_0604,,467.9855129,,,467.9855129
Product_0605,,251.9044362,,,251.9044362
Product_0606,,3974.257975,,,3974.257975
Product_0607,,524.8542287,,,524.8542287
Product_0608,,304.6249348,520.6120971,344.2686141,1169.505646
Product_0609,,13.74428503,,1.305941863,15.05022689
Product_0610,,,158.5268508,,158.5268508
Product_0611,,,6.088655827,,6.088655827
Product_0612,,1.680115361,,,1.680115361
Product_0613,,704.1262606,36.57016576,71.807009,812.5034354
Product_0614,,46.58510852,55.57973639,47.38432534,149.5491703
Product_0615,,17.88683246,12.79914133,,30.68597379
Product_0616,,11.88501943,,,11.88501943
Product_0617,,4.047557212,0.66013303,,4.707690241
Product_0618,,5401.594992,,,5401.594992
Product_0619,,1185.040483,,,1185.040483
Product_0620,,801.375727,254.180419,35.00717298,1090.563319
Product_0621,,89.80277656,,-1.045121625,88.75765493
Product_0622,,,-229.4015136,,-229.4015136
Product_0623,,1.384498191,-12.81740252,,-11.43290433
Product_0624,,3.661212169,,,3.661212169
Product_0625,,15.08588672,,,15.08588672
Product_0626,,-1.851607014,,,-1.851607014
Product_0627,,589.8278429,,12.61773698,602.4455799
Product_0628,,24.1123956,,,24.1123956
Product_0629,,0.236590604,,,0.236590604
Product_0630,,3.917652412,,,3.917652412
Product_0631,,135.1966548,-0.663760569,,134.5328942
Product_0632,,122.4019545,,,122.4019545
Product_0633,,1.290981731,,,1.290981731
Product_0634,92.75091743,,,,92.75091743
Product_0635,404.009302,,,,404.009302
Product_0636,812.1295068,,,,812.1295068
Product_0637,1.918637195,,,,1.918637195
Product_0638,-5.99E-25,,,,-5.99E-25
Product_0639,2.295726273,28.49181269,55.2063817,94.16836764,180.1622883
Product_0640,,-15.85805558,,,-15.85805558
Product_0641,,7.569451281,,,7.569451281
Product_0642,-4.732600564,6.839319002,97.921146,88.40927642,188.4371409
Product_0643,83.04166017,6.973267119,,27.47762166,117.492549
Product_0646,2959.436913,,,,2959.436913
Product_0648,,1711.395147,,,1711.395147
Product_0649,,1539.620333,,,1539.620333
Product_0650,1180.793697,,,,1180.793697
Product_0651,,10.92404503,,,10.92404503
Product_0652,,847.6800271,,,847.6800271
Product_0653,,-54.07038324,,,-54.07038324
Product_0654,,2798.49831,,,2798.49831
Product_0655,,9.551808516,,,9.551808516
Product_0656,,0.472147849,,,0.472147849
Product_0657,,6.018211422,,,6.018211422
Product_0658,,132.4630733,4840.560028,,4973.023102
Product_0659,,27.65679705,,,27.65679705
Product_0660,,515.2750261,,,515.2750261
Product_0661,,3.614609437,,,3.614609437
Product_0662,,-3.318938691,,,-3.318938691
Product_0663,,50.04213003,,,50.04213003
Product_0664,,3847.990915,-6.240652426,575.1729663,4416.923229
Product_0665,,167.1543557,,,167.1543557
Product_0666,,26.31924128,,,26.31924128
Product_0667,,102.9421418,,,102.9421418
Product_0668,,156.9225675,,,156.9225675
Product_0669,,14.33555743,,,14.33555743
Product_0670,,126.6748494,-2.13E-20,,126.6748494
Product_0671,,173.165,,,173.165
Product_0672,,230.4261786,,149.5135155,379.9396941
Product_0673,,7.638645111,,,7.638645111
Product_0674,,4.702449323,,,4.702449323
Product_0675,,21.04220795,,,21.04220795
Product_0676,,-653.5995861,,,-653.5995861
Product_0677,,817.0605104,,9481.071449,10298.13196
Product_0678,,395.6219245,,,395.6219245
Product_0679,,50.38450553,,,50.38450553
Product_0680,,-11.32571415,,,-11.32571415
Product_0681,,447.9611334,,,447.9611334
Product_0682,,-12.01182762,,,-12.01182762
Product_0683,,271.8592616,,,271.8592616
Product_0684,,2835.567918,,,2835.567918
Product_0685,,1097.594514,,1492.419486,2590.014
Product_0686,,42.75548326,,,42.75548326
Product_0687,,-1791.202152,,,-1791.202152
Product_0688,,73.13219722,,,73.13219722
Product_0689,,1016.217849,,,1016.217849
Product_0690,,-15.68281599,,,-15.68281599
Product_0691,,12.37363119,,,12.37363119
Product_0692,,-1.08E-17,,,-1.08E-17
Product_0693,,-13.23468234,,,-13.23468234
Product_0694,,31.64576853,,,31.64576853
Product_0695,,105.6980227,,,105.6980227
Product_0696,,41.35463987,,,41.35463987
Product_0697,,148.3495619,,,148.3495619
Product_0698,,55.61695733,,,55.61695733
Product_0699,,98.7038942,,,98.7038942
Product_0700,,347.6808561,,,347.6808561
Product_0701,,65.29195811,,,65.29195811
Product_0702,,368.4032464,,,368.4032464
Product_0703,,66.68611097,,,66.68611097
Product_0704,,31.64873401,,,31.64873401
Product_0705,,543.9537086,,,543.9537086
Product_0706,,40.36600667,,,40.36600667
Product_0707,,44.12247539,,,44.12247539
Product_0708,,-0.202457973,,,-0.202457973
Product_0709,,124.9472552,,,124.9472552
Product_0710,,-46.14725309,,,-46.14725309
Product_0711,,79.23296475,,,79.23296475
Product_0712,,57.49985039,,,57.49985039
Product_0713,,414.7279275,,,414.7279275
Product_0714,,93.5430578,,,93.5430578
Product_0715,,65.48446746,,,65.48446746
Product_0716,,41.99265932,,,41.99265932
Product_0717,,3.36E-18,,,3.36E-18
Product_0718,,22.17237376,,,22.17237376
Product_0719,,133.3623132,,,133.3623132
Product_0720,,119.3445943,,,119.3445943
Product_0721,,14.25292545,,,14.25292545
Product_0722,,67.38177127,,,67.38177127
Product_0723,,313.3012245,,,313.3012245
Product_0724,,259.4880726,,,259.4880726
Product_0725,,276.0993554,,,276.0993554
Product_0726,,410.7486918,,,410.7486918
Product_0727,,407.7250249,,,407.7250249
Product_0728,,120.6314655,,,120.6314655
Product_0729,,178.0328242,,,178.0328242
Product_0730,,294.8693313,,,294.8693313
Product_0731,,67.74002875,,,67.74002875
Product_0732,,242.7807184,,,242.7807184
Product_0733,,112.3746721,,,112.3746721
Product_0734,,12.99530006,,,12.99530006
Product_0735,,71.82608734,,,71.82608734
Product_0736,,7.428484669,,,7.428484669
Product_0737,,66.74728855,,,66.74728855
Product_0738,,106.3894493,,,106.3894493
Product_0739,,580.1904637,,,580.1904637
Product_0740,,191.1489099,,,191.1489099
Product_0741,,96.52329854,,,96.52329854
Product_0742,,237.0228877,,,237.0228877
Product_0743,,46.68373281,,,46.68373281
Product_0744,,363.9645216,,,363.9645216
Product_0745,,309.9063627,,,309.9063627
Product_0746,,247.6734703,,,247.6734703
Product_0747,,98.52567652,,,98.52567652
Product_0748,,51.00898335,,,51.00898335
Product_0749,,295.1886547,,,295.1886547
Product_0750,,5.000023385,,,5.000023385
Product_0751,,15.38545788,,,15.38545788
Product_0752,,16.95655634,,,16.95655634
Product_0753,,11.89354365,,,11.89354365
Product_0754,,76.67714699,,,76.67714699
Product_0755,,512.3948886,,,512.3948886
Product_0756,,375.6476367,,,375.6476367
Product_0757,,98.31662469,,,98.31662469
Product_0758,,103.4104523,,,103.4104523
Product_0759,,489.9852943,,,489.9852943
Product_0760,,218.4139015,,,218.4139015
Product_0761,,55.77157019,,,55.77157019
Product_0762,,150.8380274,,,150.8380274
Product_0763,,63.09989346,,,63.09989346
Product_0764,,57.14418431,,,57.14418431
Product_0765,,10.28618498,,,10.28618498
Product_0766,,37.83183789,,,37.83183789
Product_0767,,2582.222622,,,2582.222622
Product_0768,,205.3741435,,,205.3741435
Product_0769,,383.2045265,,,383.2045265
Product_0770,,194.1523352,,,194.1523352
Product_0771,,71.38569099,,,71.38569099
Product_0772,,94.33351727,,,94.33351727
Product_0773,,714.3329147,,,714.3329147
Product_0774,,-12.68429728,,,-12.68429728
Product_0775,,61.74687827,,,61.74687827
Product_0776,,145.3662922,,,145.3662922
Product_0777,,3.57525452,,,3.57525452
Product_0778,,11.91430169,,,11.91430169
Product_0779,,258.9107219,,,258.9107219
Product_0780,,121.5811037,,,121.5811037
Product_0781,,73.64092017,,,73.64092017
Product_0782,,62.07291103,,,62.07291103
Product_0783,,9.304505045,,,9.304505045
Product_0784,,98.12770349,,,98.12770349
Product_0785,,35.88223647,,,35.88223647
Product_0786,,132.6776497,,,132.6776497
Product_0787,,63.09601611,,,63.09601611
Product_0788,,106.8916928,,,106.8916928
Product_0789,,46.86917873,,,46.86917873
Product_0790,,377.2324829,,,377.2324829
Product_0791,,490.963462,,,490.963462
Product_0792,,259.7657935,,,259.7657935
Product_0793,,1.325437083,,,1.325437083
Product_0794,,32.91897602,,,32.91897602
Product_0795,,197.0464626,,,197.0464626
Product_0796,,433.2838599,,,433.2838599
Product_0797,,11.94092019,,,11.94092019
Product_0798,,28.55556846,,,28.55556846
Product_0799,,12.26368873,,,12.26368873
Product_0800,,17.09761363,,,17.09761363
Product_0801,,3.064047984,,,3.064047984
Product_0802,,20.44226328,,,20.44226328
Product_0803,,4.560737777,,,4.560737777
Product_0804,,5.162743681,,,5.162743681
Product_0805,,10.13918305,,,10.13918305
Product_0806,,15.18773273,,,15.18773273
Product_0807,,8.830091308,,,8.830091308
Product_0808,,0.226610264,,,0.226610264
Product_0809,,,,1.999992729,1.999992729
Product_0810,,95.31106872,,,95.31106872
Product_0811,,11.96194786,,,11.96194786
Product_0812,,26.0312069,,,26.0312069
Product_0813,,10.0002225,,,10.0002225
Product_0814,,124.1143023,,,124.1143023
Product_0815,,99.73068701,,,99.73068701
Product_0816,,125.4508665,,,125.4508665
Product_0817,,77.87423927,,,77.87423927
Product_0818,,86.39014291,,,86.39014291
Product_0819,,154.9353199,,,154.9353199
Product_0820,,83.08070516,,,83.08070516
Product_0821,,72.68564861,,,72.68564861
Product_0822,,78.24188968,,,78.24188968
Product_0823,,30.13453485,,,30.13453485
Product_0824,,,,0,0
Product_0825,5.96519473,,,,5.96519473
Product_0826,,-7.122161736,,,-7.122161736
Product_0827,,290.6180128,,,290.6180128
Product_0828,,-0.435359154,,,-0.435359154
Product_0829,,66846.84993,,,66846.84993
Product_0830,,2947.569336,,,2947.569336
Product_0831,,6279.517458,,,6279.517458
Product_0832,,21045.41835,,,21045.41835
Product_0833,,2315.000612,,,2315.000612
Product_0834,,156.369429,,,156.369429
Product_0835,,-2449.491081,,,-2449.491081
Product_0836,,162.3390765,,,162.3390765
Product_0837,,50965.1706,,,50965.1706
Product_0838,,5360.43847,,,5360.43847
Product_0839,,226.587939,,,226.587939
Product_0840,,208.9412742,,,208.9412742
Product_0841,,3665.695323,,,3665.695323
Product_0842,,296.9209164,,,296.9209164
Product_0843,,1147.841663,,,1147.841663
Product_0844,,171.336429,,,171.336429
Product_0845,,2042.669598,,,2042.669598
Product_0846,,71.19091063,,,71.19091063
Product_0847,,-56.08174093,,,-56.08174093
Product_0848,,3.075961002,,,3.075961002
Product_0860,,6.734389225,,,6.734389225
Product_0861,,23.52473713,,,23.52473713
Product_0862,,2.773654925,,,2.773654925
Product_0863,,,4132.275329,,4132.275329
Product_0864,,1.33E-21,,,1.33E-21
Product_0865,,1.745224727,,,1.745224727
Product_0866,,13.97390017,,,13.97390017
Product_0867,,5.177411103,,,5.177411103
Product_0868,,-11.95665381,,,-11.95665381
Product_0869,,,,29739.2741,29739.2741
Product_0870,,,6951.942443,,6951.942443
Product_0871,,,4071.612199,,4071.612199
Product_0872,,,2169.879865,,2169.879865
Product_0874,,,88.59419075,,88.59419075
Product_0875,,,14.73343448,,14.73343448
Product_0876,,,901.3298771,,901.3298771
Product_0877,,,115819.6812,,115819.6812
Product_0878,,,54.98583312,,54.98583312
Product_0879,,,1831.180035,,1831.180035
Product_0880,,,142.644508,,142.644508
Product_0881,,,16.98302839,,16.98302839
Product_0882,,,5.18E-18,,5.18E-18
Product_0883,,,548.746403,,548.746403
Product_0884,,,94.88126681,,94.88126681
Product_0885,,,1956.478222,,1956.478222
Product_0886,,,84.00106467,,84.00106467
Product_0887,,,101.4326674,,101.4326674
Product_0888,,,180.4964799,,180.4964799
Product_0889,,,1639.519296,,1639.519296
Product_0890,,,546.7380248,,546.7380248
Product_0891,,,1434.406816,,1434.406816
Product_0892,,,1606.477914,,1606.477914
Product_0893,,,602.4472404,,602.4472404
Product_0894,,,1639.846759,,1639.846759
Product_0895,,,-14.94231261,,-14.94231261
Product_0896,,,0.697463161,,0.697463161
Product_0897,,,,-175.4948285,-175.4948285
Product_0898,,,,596.4672059,596.4672059
Product_0900,,114.4623644,,,114.4623644
Product_0901,,9606.810006,,,9606.810006
Product_0902,,,0,,0
Product_0903,,256.280409,,,256.280409
Product_0904,,-793.2487754,,-2.75E-14,-793.2487754
Product_0905,1036.402918,872.8570051,-18.64176451,2874.432536,4765.050695
Product_0907,,800.6648144,,,800.6648144
Product_0908,,3892.735539,,,3892.735539
Product_0909,,,,36177.16744,36177.16744
Product_0910,,,,421.7651294,421.7651294
Product_0911,,,,376.0343981,376.0343981
Product_0912,,,,62.90738864,62.90738864
Product_0913,,,,-45.87246202,-45.87246202
Product_0914,,,,1785.904401,1785.904401
Product_0915,,,,341.5170761,341.5170761
Product_0916,,,,895.7415971,895.7415971
Product_0917,,,,2.900331392,2.900331392
Product_0918,,,,452.1685314,452.1685314
Product_0919,,,,202.2766175,202.2766175
Product_0920,,,,1207.079685,1207.079685
Product_0921,,,,3126.670162,3126.670162
Product_0922,,,,613.7512975,613.7512975
Product_0923,,,,2813.052876,2813.052876
Product_0924,,,,3376.509812,3376.509812
Product_0925,,,,1013.306539,1013.306539
Product_0926,,,,70.53997045,70.53997045
Product_0927,,,,483.2995883,483.2995883
Product_0928,,7994.660172,,,7994.660172
Product_0929,,23068.70617,,,23068.70617
Product_0930,,28196.10479,,,28196.10479
Product_0931,,137082.3595,,,137082.3595
Product_0932,,32186.2642,,,32186.2642
Product_0933,,126998.1112,,,126998.1112
Product_0934,,12049.33822,,,12049.33822
Product_0935,1163.372435,10349.26144,,7932.729791,19445.36367
Product_0936,976.7548703,191784.1021,,577318.8968,770079.7538
Product_0937,7404.758238,362.9932099,,,7767.751448
Product_0938,,,,61645.64868,61645.64868
Product_0939,,728.3010647,,,728.3010647
Product_0940,,19447.81387,2751.911706,,22199.72558
Product_0941,,24673.34723,,,24673.34723
Product_0942,,52215.77835,,,52215.77835
Product_0943,,64488.88095,,,64488.88095
Product_0944,3.717752503,,,,3.717752503
Product_0945,0.425065468,,,1.948708387,2.373773855
Product_0946,11.10164179,,,,11.10164179
Product_0947,,-0.999987573,,,-0.999987573
Product_0948,,,,12140.73208,12140.73208
Product_0949,,,1.36E-11,,1.36E-11
Product_0950,,3900.801626,,,3900.801626
Product_0951,52.3368803,,,,52.3368803
Product_0952,,102.0443587,,,102.0443587
Product_0953,,439.231369,,,439.231369
Product_0954,,28.70916452,,,28.70916452
Product_0955,,-15.83661449,,,-15.83661449
Product_0956,,52.547828,,,52.547828
Product_0957,,3547.966533,,,3547.966533
Product_0958,,,-344.3103674,5010.185468,4665.875101
Product_0959,,2.814146557,,,2.814146557
Product_0960,,23.05520805,,,23.05520805
Product_0961,,2246.948833,5278.660959,,7525.609793
Product_0962,,19950.00332,,,19950.00332
Product_0963,,10180.75743,,,10180.75743
Product_0964,,4276.869289,,,4276.869289
Product_0965,13.26189932,,,-2.617852283,10.64404703
Product_0966,19.07118854,,,-81.54747127,-62.47628273
Product_0967,28.51953783,,,,28.51953783
Product_0968,,1451.574844,,,1451.574844
Product_0969,,452.466166,,,452.466166
Product_0970,,344.1208504,,,344.1208504
Product_0971,,989.6798157,,,989.6798157
Product_0972,,-45.24771118,,,-45.24771118
Product_0973,5092.287009,14554.7903,,14149.03185,33796.10916
Product_0974,,5532.046455,,,5532.046455
Product_0975,,29091.14957,,23059.83256,52150.98213
Product_0976,421.9058687,14302.9003,,,14724.80617
Product_0977,7930.501726,,,,7930.501726
Product_0978,,1732.639342,,,1732.639342
Product_0979,118003.1138,80255.54341,,12414.75485,210673.412
Product_0980,73231.66927,13864.53619,,101985.7224,189081.9278
Product_0981,54173.79427,11233.42268,,,65407.21695
Product_0982,66735.87771,240.390836,,,66976.26855
Product_0983,,-21.80836021,,,-21.80836021
Product_0984,29838.89119,28909.59345,,17291.58252,76040.06715
Product_0985,36824.51548,,,,36824.51548
Product_0986,181.8451612,5536.791738,,,5718.636899
Product_0987,645.7661128,88.45497192,,,734.2210848
Product_0988,,230.5576593,,,230.5576593
Product_0989,2525.897212,5175.533696,,,7701.430908
Product_0990,1565.634582,,,,1565.634582
Product_0991,,1385.510125,,,1385.510125
Product_0992,,122.5014697,,,122.5014697
Product_0993,,1699.350122,,,1699.350122
Product_0994,,975.3287084,,,975.3287084
Product_0995,1404.102047,652.4270779,,,2056.529125
Product_0996,,,,3435.018489,3435.018489
Product_0997,7984.275956,,,,7984.275956
Product_0998,4081.12162,1502.521495,,38013.13965,43596.78276
Product_0999,5.39E-12,,,,5.39E-12
Product_1000,77527.81529,96.62399519,,10113.3292,87737.76849
Product_1001,56003.74246,4584.612486,,19524.63345,80112.9884
Product_1002,4165.193456,,,,4165.193456
Product_1003,11103.18002,,,,11103.18002
Product_1004,1563.260267,,,9994.23409,11557.49436
Product_1005,,,,19956.57637,19956.57637
Product_1006,502.6975669,,,,502.6975669
Product_1007,9010.61578,,,8913.716121,17924.3319
Product_1008,,,,29684.29672,29684.29672
Product_1009,,4563.232523,,,4563.232523
Product_1010,,,7147.795458,,7147.795458
Product_1011,,1135.533575,,,1135.533575
Product_1012,,1048.635388,,,1048.635388
Product_1014,,377.745312,,,377.745312
Product_1015,,3116.330011,,,3116.330011
Product_1016,,788231.2892,7439.980813,8062.670161,803733.9401
Product_1017,1094.892234,17153.17345,,,18248.06568
Product_1018,,70544.35698,,,70544.35698
Product_1019,,6.34E-12,,,6.34E-12
Product_1020,,15.48862822,,,15.48862822
Product_1021,,10460.66828,,,10460.66828
Product_1022,10463.65246,886.3827714,,,11350.03523
Product_1023,,116593.3328,16940.31512,,133533.6479
Product_1024,,104.8488849,,,104.8488849
Product_1025,,572.2799876,,-78.78167981,493.4983078
Product_1026,,1748.305945,,,1748.305945
Product_1027,,,,0,0
Product_1028,,931.7709738,,,931.7709738
Product_1029,,1876.368462,,,1876.368462
Product_1030,,12422.31873,,,12422.31873
Product_1031,,7410.956963,,,7410.956963
Product_1032,,1917.602831,,,1917.602831
Product_1033,,428.0024182,,,428.0024182
Product_1034,,12241.37092,,,12241.37092
Product_1035,,410.0986218,,,410.0986218
Product_1036,,2953.798046,,,2953.798046
Product_1037,,1553.436019,,,1553.436019
Product_1038,,-98.17980256,,,-98.17980256
Product_1039,,400.5158967,,,400.5158967
Product_1040,,621.5982721,,,621.5982721
Product_1041,,83.16238107,,,83.16238107
Product_1042,,491.2614141,,,491.2614141
Product_1043,,211.0284103,,,211.0284103
Product_1044,,126.9949172,,,126.9949172
Product_1045,,1900.24701,,,1900.24701
Product_1046,,1514.696554,,,1514.696554
Product_1047,,158491.9905,29965.09441,,188457.0849
Product_1048,,158384.1583,,,158384.1583
Product_1049,,18.27026482,,,18.27026482
Product_1050,,-95.87132817,,,-95.87132817
Product_1051,,155.7742689,,,155.7742689
Product_1052,,-58.31518294,,16.58224172,-41.73294122
Product_1053,-18.69750267,,,,-18.69750267
Product_1054,2.736705108,,,,2.736705108
Product_1055,,-20.29666356,,,-20.29666356
Product_1056,,-49.18190479,,,-49.18190479
Product_1057,,-3.49133178,,,-3.49133178
Product_1058,,3.395245106,,,3.395245106
Product_1059,,-44.81855418,,,-44.81855418
Product_1060,,-101.8126901,,,-101.8126901
Product_1061,,8.489388758,,,8.489388758
Product_1062,,52.57514617,,,52.57514617
Product_1063,,-2.981173701,,,-2.981173701
Product_1064,,,,662.6062214,662.6062214
Product_1065,,,,2246.732301,2246.732301
Product_1066,,,,-175.3782031,-175.3782031
Product_1067,,,,6566.735169,6566.735169
Product_1068,,,,1618.987251,1618.987251
Product_1069,,,,18345.89593,18345.89593
Product_1070,,,,747.7142416,747.7142416
Product_1071,,,,1810.902828,1810.902828
Product_1072,,,,8841.746495,8841.746495
Product_1073,,,,4602.670013,4602.670013
Product_1074,,,,1927.266586,1927.266586
Product_1075,,,,424.2986274,424.2986274
Product_1076,,,,655.5919224,655.5919224
Product_1077,,,,1938.842013,1938.842013
Product_1078,,,34795.20355,9899.53765,44694.7412
Product_1079,,,,2500.321423,2500.321423
Product_1080,,,,408.459806,408.459806
Product_1081,,,,972.9602628,972.9602628
Product_1082,,,,219.6349588,219.6349588
Product_1087,,,,-314.2436755,-314.2436755
Product_1088,,,,47.45936369,47.45936369
Product_1089,,,,1419.24503,1419.24503
Product_1090,,,,660.6947211,660.6947211
Product_1091,,6.33691787,,,6.33691787
Product_1092,,,,116.868149,116.868149
Product_1093,8.110700304,57.30599639,,211.6701717,277.0868684
Product_1094,33.42242026,20.34871852,,71.00273102,124.7738698
Product_1095,1.898022457,,,8.518473594,10.41649605
Product_1096,,45.43527921,,,45.43527921
Product_1097,,85.63675476,,,85.63675476
Product_1098,,-1.491767683,,,-1.491767683
Product_1099,,21.52706802,,,21.52706802
Product_1100,,28.08828348,,,28.08828348
Product_1101,,,30123.5886,39158.25381,69281.84241
Product_1102,,,,3520.59282,3520.59282
Product_1103,,,,74.98963973,74.98963973
Product_1104,16288.73278,7737.464656,,,24026.19743
Product_1105,,604.1185976,,,604.1185976
Product_1106,,1079.447865,,,1079.447865
Product_1107,850.3183015,3187.539664,,,4037.857966
Product_1108,,,,-220.7110361,-220.7110361
Product_1109,,,,-304.342671,-304.342671
Product_1110,,6.713622228,,,6.713622228
Product_1111,,26.42898467,,,26.42898467
Product_1112,,20.8734732,,,20.8734732
Product_1113,,8.09303335,,,8.09303335
Product_1114,,-848.8027497,,,-848.8027497
Product_1115,,47.19889333,,,47.19889333
Product_1116,,12.87735813,,,12.87735813
Product_1117,,18.28500992,,,18.28500992
Product_1118,,0.546953682,,155.6552368,156.2021904
Product_1119,,-4.397752766,,,-4.397752766
Product_1120,,-3.321752842,,,-3.321752842
Product_1121,,24.34261634,,,24.34261634
Product_1122,,94.4947079,,,94.4947079
Product_1123,,-4.696766529,,,-4.696766529
Product_1124,,-31.91148454,,,-31.91148454
Product_1125,,436.5602274,,,436.5602274
Product_1126,,437.5588465,,,437.5588465
Product_1127,,,,3904.549841,3904.549841
Product_1128,,,,3188.785468,3188.785468
Product_1129,,,,5674.098861,5674.098861
Product_1130,,,,3.09E-16,3.09E-16
Product_1131,,,-81.90218679,,-81.90218679
Product_1132,,,16082.98577,,16082.98577
Product_1133,,,,14071.63504,14071.63504
Product_1134,,90348.54407,,,90348.54407
Product_1135,,180093.2277,33675.40123,53054.9023,266823.5312
Product_1136,,-24.43742008,,,-24.43742008
Product_1137,,1345.373221,,,1345.373221
Product_1138,-6.66E-18,195.1147575,,,195.1147575
Product_1139,-8.12E-16,896.5844715,,,896.5844715
Product_1140,2.23E-18,377.5810462,,,377.5810462
Product_1141,,108.5219892,,,108.5219892
Product_1142,,-17.78129891,,,-17.78129891
Product_1143,-2.07E-15,556.905336,,,556.905336
Product_1144,,-3.271877137,,4.92E-22,-3.271877137
Product_1145,,94.46919313,,,94.46919313
Product_1146,,2.17377631,,,2.17377631
Product_1147,,182590.5776,,,182590.5776
Product_1148,,9711.17467,,,9711.17467
Product_1149,,254050.6736,,,254050.6736
Product_1150,,219302.6929,,,219302.6929
Product_1151,,550336.9461,,,550336.9461
Product_1152,,883265.2701,,,883265.2701
Product_1153,,182044.182,,,182044.182
Product_1154,35670.1337,35244.0812,,,70914.2149
Product_1155,,7489.031767,,,7489.031767
Product_1156,,254209.696,,,254209.696
Product_1157,,606526.807,73019.6176,,679546.4246
Product_1158,,499616.8388,,,499616.8388
Product_1159,,15110.31066,,,15110.31066
Product_1160,,-1927.193819,,,-1927.193819
Product_1161,,2236.11237,,,2236.11237
Product_1162,,44710.12479,,,44710.12479
Product_1163,,42803.6103,,,42803.6103
Product_1164,,78941.30216,,,78941.30216
Product_1165,,69635.13037,,,69635.13037
Product_1166,,,901298.5693,,901298.5693
Product_1167,,69882.06919,,,69882.06919
Product_1168,2.427014304,-1.793987339,,,0.633026965
Product_1169,,1.10374701,,,1.10374701
Product_1170,,,,24,24
Product_1171,40.50000675,,,,40.50000675
Product_1172,,,,66.000011,66.000011
Product_1173,,1874.641356,,,1874.641356
Product_1174,,30.82883199,,,30.82883199
Product_1175,,31.2988593,,,31.2988593
Product_1176,,-28.98807839,,,-28.98807839
Product_1177,,12.39820292,,,12.39820292
Product_1178,1.493596581,,,,1.493596581
Product_1179,,,,44.33496066,44.33496066
Product_1180,292.4849512,,,,292.4849512
Product_1181,,-2.012101168,,,-2.012101168
Product_1182,,,,1.159651121,1.159651121
Product_1183,,,,3302.007983,3302.007983
Product_1184,,,,1329.903981,1329.903981
Product_1185,,,,-6.211449446,-6.211449446
Product_1186,,1331.206253,,,1331.206253
Product_1187,,262.1824328,,,262.1824328
Product_1188,,286.0779826,,,286.0779826
Product_1189,,640.0421084,,,640.0421084
Product_1190,,,6460.021308,,6460.021308
Product_1191,,8675.195933,,,8675.195933
Product_1192,,789.5505264,,,789.5505264
Product_1193,,3521.080403,,,3521.080403
Product_1194,,3560.419616,,,3560.419616
Product_1195,,44447.61912,77288.9952,192617.2619,314353.8762
Product_1196,,9181.777263,,,9181.777263
Product_1197,,1431.65349,,,1431.65349
Product_1198,,52250.4406,27576.39567,,79826.83628
Product_1199,,17427.82047,,,17427.82047
Product_1200,,1553.762512,,,1553.762512
Product_1201,,2304.90395,,,2304.90395
Product_1202,,4003.102836,,,4003.102836
Product_1203,,888.6058858,,,888.6058858
Product_1204,,-598.0536737,,,-598.0536737
Product_1205,,1763.162958,,,1763.162958
Product_1206,,3702.699027,,,3702.699027
Product_1207,,2512.91042,,,2512.91042
Product_1208,,13.7769902,,2.999998173,16.77698837
Product_1209,,2877.625948,,,2877.625948
Product_1210,,11963.44329,,,11963.44329
Product_1211,,35141.88996,,,35141.88996
Product_1212,,1064.953542,,,1064.953542
Product_1213,,21357.10632,,1604.034822,22961.14115
Product_1214,,5032.415126,,,5032.415126
Product_1215,,-29474.08764,,,-29474.08764
Product_1216,,298765.9056,8581.214115,31949.35865,339296.4783
Product_1217,,28645.85244,,,28645.85244
Product_1218,,5875.930374,,,5875.930374
Product_1219,,14814.24139,,,14814.24139
Product_1220,,13072.79354,,,13072.79354
Product_1221,,69151.85578,,,69151.85578
Product_1222,,178485.0834,,9.35E-14,178485.0834
Product_1223,,3770.135289,,,3770.135289
Product_1224,,88622.84591,,33257.98304,121880.829
Product_1225,,8035.781997,,,8035.781997
Product_1226,,5977.502972,,,5977.502972
Product_1227,,14205.16706,3870.166178,,18075.33324
Product_1228,,5416.29204,,,5416.29204
Product_1229,,398.8966137,,,398.8966137
Product_1230,,267.4986525,,,267.4986525
Product_1231,,-573.7496053,,,-573.7496053
Product_1232,,9297.035775,,,9297.035775
Product_1233,,260326.3401,,,260326.3401
Product_1234,,43297.44794,,352879.4082,396176.8561
Product_1235,,,57582.25547,,57582.25547
Product_1236,,9325.080176,,,9325.080176
Product_1237,,,,306454.1055,306454.1055
Product_1238,,,-932.1022605,,-932.1022605
Product_1239,,20860.97241,,,20860.97241
Product_1240,,32657.64646,,,32657.64646
Product_1241,,1468250.958,114917.2371,474017.3045,2057185.499
Product_1242,,90019.4269,,273486.217,363505.6439
Product_1243,,27793.48248,33318.4993,,61111.98178
Product_1244,,81330.53042,,,81330.53042
Product_1245,,,1899302.311,192650.2529,2091952.564
Product_1246,,99850.91135,,54597.59735,154448.5087
Product_1247,,24612.64547,41204.92502,,65817.57049
Product_1248,,8551517.387,,,8551517.387
Product_1249,1647.910589,,,5601.994661,7249.90525
Product_1250,17472.64117,295553.5255,,,313026.1667
Product_1251,,-151.9686184,,,-151.9686184
Product_1252,,790.4288794,,,790.4288794
Product_1253,,25441.39579,,,25441.39579
Product_1254,,4460.505007,,,4460.505007
Product_1255,,-200.5084643,,,-200.5084643
Product_1256,,135729.6789,,,135729.6789
Product_1257,,973.7078886,,,973.7078886
Product_1258,,414.8757234,,,414.8757234
Product_1259,,2489.956841,,,2489.956841
Product_1260,,-181.296369,,,-181.296369
Product_1261,,5090.95166,,,5090.95166
Product_1262,,187096.6796,,,187096.6796
Product_1263,,,464162.7552,553970.0889,1018132.844
Product_1264,60336.27888,1224943.929,73915.01528,391018.5602,1750213.783
Product_1265,,11310.05598,,,11310.05598
Product_1266,,77139.87543,,4986.606049,82126.48148
Product_1267,,159015.2072,,,159015.2072
Product_1268,,113108.8564,,,113108.8564
Product_1269,,170230.9826,,1139.166135,171370.1487
Product_1270,,121554.5617,16002.43446,,137556.9961
Product_1271,,33686.54551,,,33686.54551
Product_1272,,12818.74825,,,12818.74825
Product_1273,,8159.93174,,23661.82522,31821.75696
Product_1274,,1993741.657,,,1993741.657
Product_1275,,23444.35647,,,23444.35647
Product_1276,9710.508112,8153.473786,,,17863.9819
Product_1277,,807.9584462,,,807.9584462
Product_1278,,61271.49999,709993.3949,118090.8296,889355.7245
Product_1279,,23011.70453,355777.2478,23443.06445,402232.0168
Product_1280,,2367.843736,,26976.19115,29344.03489
Product_1281,,14288.28999,860348.3737,685085.2052,1559721.869
Product_1282,,258729.15,,,258729.15
Product_1283,,1050.312796,,,1050.312796
Product_1284,14177.00447,1724.112909,,,15901.11738
Product_1285,,3243.7203,,1850.362225,5094.082525
Product_1286,,2277752.561,,,2277752.561
Product_1287,,1973218.469,,,1973218.469
Product_1288,,143075.2179,,,143075.2179
Product_1289,,41253.21941,,,41253.21941
Product_1290,,257458.2763,,,257458.2763
Product_1291,623.4178985,,,,623.4178985
Product_1292,,-20.16331773,,,-20.16331773
Product_1293,932.7946804,,,,932.7946804
Product_1294,,1418953.636,,,1418953.636
Product_1295,,2618189.723,,,2618189.723
Product_1296,,-2766.905774,,,-2766.905774
Product_1297,,17585.98089,,,17585.98089
Product_1298,8863.059377,,14576.31873,3936.162591,27375.5407
Product_1299,75228.56841,,23427.48047,,98656.04888
Product_1300,,3895.219417,,,3895.219417
Product_1301,,2169.242923,,,2169.242923
Product_1302,,39723.38124,,,39723.38124
Product_1303,,2828.360174,,,2828.360174
Product_1304,,8254.853696,,,8254.853696
Product_1305,,5077.079299,,,5077.079299
Product_1306,,4691.840282,,,4691.840282
Product_1307,,8991.103932,,,8991.103932
Product_1308,,11705.08829,,,11705.08829
Product_1309,,8514.578364,,,8514.578364
Product_1310,,4888.421131,,,4888.421131
Product_1311,,443.5240616,,,443.5240616
Product_1312,,168893.7158,,760.6634566,169654.3792
Product_1313,,2870.674775,,,2870.674775
Product_1314,9897.087698,40002.57224,,2936.564978,52836.22492
Product_1315,,166425.6437,,,166425.6437
Product_1316,,235819.9153,,,235819.9153
Product_1317,,118.8966752,,,118.8966752
Product_1318,,16.74308519,,,16.74308519
Product_1319,,-3.42E-15,,,-3.42E-15
Product_1320,,-65.67944077,,,-65.67944077
Product_1321,,7.87E-14,,,7.87E-14
Product_1322,,116.1549304,,,116.1549304
Product_1323,,10.15318304,,,10.15318304
Product_1324,,-1.17E-14,,,-1.17E-14
Product_1325,,9.22E-14,,,9.22E-14
Product_1326,,5.09E-14,,,5.09E-14
Product_1327,,116.401777,,,116.401777
Product_1328,,17.82566494,,,17.82566494
Product_1329,,116.4296611,,,116.4296611
Product_1330,,128.5610063,,,128.5610063
Product_1331,,333.1376297,,,333.1376297
Product_1332,,118.7508625,,,118.7508625
Product_1333,,24.21347482,,,24.21347482
Product_1334,,115.114691,,,115.114691
Product_1335,,241.6741486,,,241.6741486
Product_1336,,3.25E-15,,,3.25E-15
Product_1337,,119.2644559,,,119.2644559
Product_1338,,17.4572726,,,17.4572726
Product_1339,,16.38534209,,,16.38534209
Product_1340,,237.2225249,,,237.2225249
Product_1341,,,460701.4175,3499025.024,3959726.442
Product_1342,,,295211.5272,2123606.447,2418817.974
Product_1343,,,,107239.1671,107239.1671
Product_1344,,48269.02994,24467.98171,2149.30866,74886.32031
Product_1345,,73922.3974,,,73922.3974
Product_1346,,14361.73861,,69120.37309,83482.1117
Product_1347,,-38911.18381,,,-38911.18381
Product_1348,,114421.7402,28525.91111,21532.231,164479.8823
Product_1349,,37281.47283,,,37281.47283
Product_1350,,1610371.528,222294.8236,389767.8376,2222434.189
Product_1351,,20385.96134,,122344.0926,142730.0539
Product_1352,,1278.172769,2431.614285,,3709.787054
Product_1353,,,7148.024661,,7148.024661
Product_1354,,2304.572734,61496.17735,,63800.75008
Product_1355,,257209.4863,2866.384604,96597.4348,356673.3057
Product_1356,,395823.114,-7064.612176,161692.5906,550451.0924
Product_1357,,38391.62759,,,38391.62759
Product_1358,,,,127568.9952,127568.9952
Product_1359,,12886299.6,,,12886299.6
Product_1360,,1279214.337,,,1279214.337
Product_1361,,478073.2942,,,478073.2942
Product_1362,,12949.93345,,,12949.93345
Product_1363,,40655.38651,,,40655.38651
Product_1364,,289.6595006,,,289.6595006
Product_1365,7147.211366,-262.9562658,,,6884.255101
Product_1366,,,20953.33065,,20953.33065
Product_1367,,17996.45407,,,17996.45407
Product_1368,19339.84096,13813.4418,,,33153.28276
Product_1369,,49487.74844,,,49487.74844
Product_1370,,6702.839892,,,6702.839892
Product_1371,,15071.49183,,,15071.49183
Product_1372,,71986.18872,,,71986.18872
Product_1373,,19502.73284,,,19502.73284
Product_1374,,27321.96422,,32783.86316,60105.82738
Product_1375,,112129.63,,33572.45081,145702.0808
Product_1376,,85853.63865,,,85853.63865
Product_1377,,1075414.868,,,1075414.868
Product_1378,,1541116.044,,,1541116.044
Product_1379,,-8129.199838,,,-8129.199838
Product_1380,,50223.34573,,,50223.34573
Product_1381,,497196.2846,,,497196.2846
Product_1382,,1657802.993,,,1657802.993
Product_1383,,12827.66213,,,12827.66213
Product_1384,-1386.733913,,,,-1386.733913
Product_1385,5166.218682,709.9284561,,,5876.147139
Product_1386,,-629.8927572,,,-629.8927572
Product_1387,7058.520273,117781.786,2750.820731,16160.96908,143752.0961
Product_1388,105342.7342,14169.49844,,,119512.2327
Product_1389,,2916.154302,,,2916.154302
Product_1390,,8442.643446,,,8442.643446
Product_1391,,-5003.790595,,100.1694042,-4903.621191
Product_1392,11161.4497,41260.42124,,1270.587908,53692.45886
Product_1393,,257996.6818,157035.6911,1001191.15,1416223.522
Product_1394,,260553.5603,841696.7784,426599.3445,1528849.683
Product_1395,,,,4273.34134,4273.34134
Product_1396,,161389.0035,,,161389.0035
Product_1397,,65016.57853,,,65016.57853
Product_1398,,45425.64209,,75889.5588,121315.2009
Product_1399,,36770.34271,,58128.81689,94899.15959
Product_1400,,34637.7855,,,34637.7855
Product_1401,,93602.2886,1.07E-12,,93602.2886
Product_1402,27122.2675,37575.84428,15851.23874,,80549.35052
Product_1403,,190599.2574,132017.3965,318759.3048,641375.9587
Product_1404,,11009.27585,8169.287865,-35121.79464,-15943.23093
Product_1405,,,,12075.85767,12075.85767
Product_1406,,567.26883,,,567.26883
Product_1407,,4075.521743,54304.31672,,58379.83847
Product_1408,,33150.51038,,,33150.51038
Product_1409,27607.63617,,,,27607.63617
Product_1410,75726.35572,211991.17,,,287717.5257
Product_1411,,140.7589332,,,140.7589332
Product_1412,,68.76907381,,,68.76907381
Product_1413,,7963.105048,,,7963.105048
Product_1414,,10350.38519,,,10350.38519
Product_1415,,1848.12034,,,1848.12034
Product_1416,53357.93656,3421.91857,,,56779.85513
Product_1417,4199.823998,370.0094571,,,4569.833455
Product_1418,,148380.7241,,,148380.7241
Product_1419,66855.97719,9510.856002,,,76366.83319
Product_1420,63003.86796,2810.311865,,,65814.17982
Product_1421,5870.503874,,,,5870.503874
Product_1422,11301.57573,,,,11301.57573
Product_1423,26988.28294,751.9091091,,,27740.19205
Product_1424,43434.03566,1671.16024,,,45105.1959
Product_1425,1002.950127,876.7500171,,,1879.700144
Product_1426,,1131.428513,,,1131.428513
Product_1427,1821.918384,24464.85075,,,26286.76913
Product_1428,,50.34875691,,,50.34875691
Product_1429,12627.09927,23807.70469,,0,36434.80396
Product_1430,,238107.5844,,,238107.5844
Product_1431,18950.00733,,197876.5361,666277.4452,883103.9886
Product_1432,16554.21743,374401.035,468086.4699,2001868.448,2860910.17
Product_1433,,,,31789.15894,31789.15894
Product_1434,341.8883627,,,,341.8883627
Product_1435,4483.098068,131923.2108,,39600.18219,176006.491
Product_1436,,15746.65437,,,15746.65437
Product_1437,,53320.96419,,,53320.96419
Product_1438,3965.888159,23967.5705,,,27933.45866
Product_1439,,234022.8529,61603.48676,4617.170429,300243.5101
Product_1440,,15262.54341,,44295.92727,59558.47068
Product_1441,696.6817432,,,,696.6817432
Product_1442,-1729.676586,,,,-1729.676586
Product_1443,4453.939342,,,,4453.939342
Product_1444,3252.302245,,,,3252.302245
Product_1445,-48.59478158,,,,-48.59478158
Product_1446,,3956.273259,,,3956.273259
Product_1447,,7786.708047,,,7786.708047
Product_1448,534.2826675,,,,534.2826675
Product_1449,,1346.919699,,,1346.919699
Product_1450,,124279.4444,59693.83614,95817.82177,279791.1023
Product_1451,,2146386.404,,,2146386.404
Product_1452,,468088.9602,,,468088.9602
Product_1453,,1321552.117,,,1321552.117
Product_1454,,12912.57969,,,12912.57969
Product_1455,,39784.68549,,,39784.68549
Product_1456,,428109.1635,,,428109.1635
Product_1457,,1389.314478,,,1389.314478
Product_1458,,210947.1296,,,210947.1296
Product_1459,,85448.31849,,,85448.31849
Product_1460,,59254.17086,,,59254.17086
Product_1461,34560.136,28183.60579,,,62743.74179
Product_1462,,-927.4812645,,,-927.4812645
Product_1463,,156440.3269,,,156440.3269
Product_1464,73191.84494,16414.97722,,,89606.82216
Product_1465,,156618.1435,7141.8191,79104.15817,242864.1207
Product_1466,,10222.6839,113800.6165,33291.30535,157314.6057
Product_1467,,19136.7972,,,19136.7972
Product_1468,,21816.92309,3310.512,,25127.43509
Product_1469,3256.113573,58715.57692,,,61971.69049
Product_1470,147965.2225,101053.049,45470.96317,,294489.2348
Product_1471,,22385.38745,,,22385.38745
Product_1472,,61288.40185,,,61288.40185
Product_1473,,1227.577683,,,1227.577683
Product_1474,,3122.26532,,,3122.26532
Product_1475,,1697.824165,,,1697.824165
Product_1476,,,,744.6155561,744.6155561
Product_1477,-231.8618321,2863.874265,,,2632.012432
Product_1478,6713.375101,18175.25922,,1037.549996,25926.18432
Product_1479,,159466.1568,11738.57856,40636.80155,211841.5369
Product_1480,,116179.2818,1471198.851,639139.7408,2226517.873
Product_1481,1672.33771,15320.64456,,,16992.98227
Product_1482,,8012.18995,,,8012.18995
Product_1483,,76034.41476,,,76034.41476
Product_1484,,36692.74733,,,36692.74733
Product_1485,,,70606.25766,,70606.25766
Product_1486,,2578.502539,,,2578.502539
Product_1487,,2899.804722,,,2899.804722
Product_1488,,,,14531.81353,14531.81353
Product_1489,,29738.34811,,,29738.34811
Product_1490,,4399.861192,,,4399.861192
Product_1491,,6871.443959,,,6871.443959
Product_1492,,16104.42489,,,16104.42489
Product_1493,,77936.69872,,,77936.69872
Product_1494,,828.1010949,-3356.721385,,-2528.62029
Product_1495,2387.374216,18865.13013,,,21252.50435
Product_1496,146244.4857,14411.1218,,,160655.6075
Product_1497,,-362.780247,,,-362.780247
Product_1498,,68.27685489,,,68.27685489
Product_1499,764.0151191,8417.332974,,,9181.348093
Product_1500,381.7512363,1348.045767,,,1729.797003
Product_1501,,26160.03818,,,26160.03818
Product_1502,,78594.51968,586195.0935,78235.50005,743025.1132
Product_1503,10638.72285,,,,10638.72285
Product_1504,,2056.880568,,,2056.880568
Product_1505,2119.631972,8536.209769,,,10655.84174
Product_1506,,40.75623564,,,40.75623564
Product_1507,,2.53E-12,20999.91529,,20999.91529
Product_1508,,22460.05524,,,22460.05524
Product_1509,6167.891086,5441.72301,,,11609.6141
Product_1510,,,,28868.65591,28868.65591
Product_1511,,469.8561682,,,469.8561682
Product_1512,16289.00332,233139.7598,1891.449486,,251320.2126
Product_1513,105366.7978,85403.03342,13346.07105,,204115.9023
Product_1514,,17334.91911,,,17334.91911
Product_1515,,55068.52154,,,55068.52154
Product_1516,,6175.335325,,,6175.335325
Product_1517,,5.49E-14,,,5.49E-14
Product_1518,727.0149756,22013.95459,,,22740.96956
Product_1519,15510.96253,8834.475724,,,24345.43825
Product_1520,,282976.8078,249025.3912,,532002.199
Product_1521,41482.03974,204475.511,-368.4608967,185116.3019,430705.3918
Product_1522,,5746.836286,,,5746.836286
Product_1523,,40275.07132,,,40275.07132
Product_1524,,13975.06839,,,13975.06839
Product_1525,,,,-7.01E-13,-7.01E-13
Product_1526,,342217.0045,,,342217.0045
Product_1527,,11225.13176,,,11225.13176
Product_1528,,,11069.99954,,11069.99954
Product_1529,,382.7167997,,,382.7167997
Product_1530,,2336.598593,,,2336.598593
Product_1531,,636.7872203,,,636.7872203
Product_1532,,5741.031241,,,5741.031241
Product_1533,,11503.20279,,,11503.20279
Product_1534,,1713.197725,,,1713.197725
Product_1535,5450.868025,-15.65110364,,,5435.216921
Product_1536,,3090.247392,,,3090.247392
Product_1537,,1933.684185,,,1933.684185
Product_1538,,1151.675995,,,1151.675995
Product_1539,25335.46716,681.4935289,,,26016.96069
Product_1540,,35022.54645,,,35022.54645
Product_1541,30196.58222,5259.078644,,,35455.66087
Product_1542,,9884.678851,16092.49341,,25977.17226
Product_1543,,2971.508397,,,2971.508397
Product_1544,698.0066233,0.934953387,,,698.9415767
Product_1545,,,4535.408463,,4535.408463
Product_1546,,3770.059713,,,3770.059713
Product_1547,,8287.424262,,,8287.424262
Product_1548,47173.58778,,45446.88026,,92620.46804
Product_1549,,,,4721.32253,4721.32253
Product_1550,,2418.398163,,,2418.398163
Product_1551,,279.8879059,,,279.8879059
Product_1552,,-16096.53245,,,-16096.53245
Product_1553,3230.12813,,,,3230.12813
Product_1554,,642288.58,,,642288.58
Product_1555,,501647.1234,,,501647.1234
Product_1556,,72302.77498,,,72302.77498
Product_1557,,3443.5186,,,3443.5186
Product_1558,,,-3540.374585,,-3540.374585
Product_1559,,238.417453,,,238.417453
Product_1560,9009.810847,,,,9009.810847
Product_1561,,115.341172,,,115.341172
Product_1562,,2442.36193,,,2442.36193
Product_1563,3268.662327,,,,3268.662327
Product_1564,,1979.335603,-132.3389969,,1846.996606
Product_1565,,164.2736342,,,164.2736342
Product_1566,,0.000519925,,,0.000519925
Product_1567,,,,900552.0455,900552.0455
Product_1568,,,40328.83421,,40328.83421
Product_1569,,2230.327517,,,2230.327517
Product_1570,,473505.3697,161791.338,214416.5608,849713.2684
Product_1571,,,,10112.34681,10112.34681
Product_1572,,20974.90811,,,20974.90811
Product_1573,,,,74410.41425,74410.41425
Product_1574,,,,875785.254,875785.254
Product_1575,,3361.016265,,,3361.016265
Product_1576,,4553.267143,,,4553.267143
Product_1577,,,,33885.13837,33885.13837
Product_1578,,-1098.468428,,,-1098.468428
Product_1579,,1631.788935,,,1631.788935
Product_1580,,6365.721341,,,6365.721341
Product_1581,,101214.1893,45121.93071,9501.12232,155837.2423
Product_1582,,31431.07519,,,31431.07519
Product_1583,,843.3134017,,,843.3134017
Product_1584,-1.176801908,,,,-1.176801908
Product_1585,2.49264175,,,,2.49264175
Product_1586,,,-6.90E-14,,-6.90E-14
Product_1587,,,5753.880614,-3586.688404,2167.19221
Product_1588,,,,4520.45448,4520.45448
Product_1589,,,,2755.886653,2755.886653
Product_1590,,,,601.4178075,601.4178075
Product_1591,,,,2795.987417,2795.987417
Product_1592,,,-29.78694035,,-29.78694035
Product_1593,,,9424.328161,7711.332913,17135.66107
Product_1594,,,2.44E-15,,2.44E-15
Product_1595,,,-1.99E-19,,-1.99E-19
Product_1596,,,,3156.169399,3156.169399
Product_1597,,,287.3959596,,287.3959596
Product_1598,,,,4270.611096,4270.611096
Product_1599,,,1676.991148,554.0127848,2231.003932
Product_1600,,,1402.946909,3845.205046,5248.151955
Product_1601,,,6855.986508,43206.87049,50062.857
Product_1602,,,488.4751929,,488.4751929
Product_1603,,,,40986.7312,40986.7312
Product_1604,,,,850.9956478,850.9956478
Product_1605,,,,1726.150595,1726.150595
Product_1606,,,,1953.285744,1953.285744
Product_1607,,,,1395.509875,1395.509875
Product_1608,,,,10009.33199,10009.33199
Product_1609,,,,3532.216964,3532.216964
Product_1610,,,4043.308818,1434.363012,5477.67183
Product_1611,,401.0093943,,,401.0093943
Product_1612,,4992.406786,,-2.12E-12,4992.406786
Product_1613,,1.19E-15,,,1.19E-15
Product_1614,,-12.79461607,,,-12.79461607
Product_1615,,8.88E-16,,,8.88E-16
Product_1616,-1.98345072,,,118.9826645,116.9992138
Product_1617,,,,9.500119974,9.500119974
Product_1618,26.67034954,,,109.5153478,136.1856974
Product_1619,,,,0,0
Product_1620,,11.49384184,,,11.49384184
Product_1621,,3662.524556,,,3662.524556
Product_1622,658.237122,4779.575235,,,5437.812357
Product_1623,,14084.04473,,,14084.04473
Product_1624,,161686.8447,,,161686.8447
Product_1625,,136.7768354,,,136.7768354
Product_1626,,5974.81855,,,5974.81855
Product_1627,,379.6047655,,,379.6047655
Product_1628,,34268.88061,,1514.991104,35783.87171
Product_1629,9942.579138,5533.881539,,,15476.46068
Product_1630,1381.516193,156.5464856,,,1538.062679
Product_1631,,,,32401.25345,32401.25345
Product_1632,,3261.227674,,,3261.227674
Product_1633,,5029.350803,,,5029.350803
Product_1634,,344.4689221,,,344.4689221
Product_1635,,15591.2732,,,15591.2732
Product_1636,651.0866904,10778.0936,,,11429.18029
Product_1637,,102941.9761,,,102941.9761
Product_1638,,2888.906047,,,2888.906047
Product_1639,,4988.685428,,,4988.685428
Product_1640,,800.2247326,,,800.2247326
Product_1641,,2838.656566,,,2838.656566
Product_1642,,842.3138774,,,842.3138774
Product_1643,,3298.915005,21345.32072,79.57864825,24723.81438
Product_1644,-5.483480289,,,52.43579069,46.9523104
Product_1645,3.185439715,,,6.413317532,9.598757247
Product_1646,16.53745684,,,40.53252906,57.06998591
Product_1647,-4.37E-19,,,,-4.37E-19
Product_1648,,18620.42948,,,18620.42948
Product_1649,,1881.643513,,,1881.643513
Product_1650,,2617.260865,,,2617.260865
Product_1651,,3122.536863,,,3122.536863
Product_1652,,-1671.089402,,,-1671.089402
Product_1653,,13242.8914,,,13242.8914
Product_1655,,,,-1.55E-13,-1.55E-13
Product_1656,81.53004467,618.6799207,,,700.2099654
Product_1657,,-2.752295986,,,-2.752295986
Product_1658,,-17.89296432,,,-17.89296432
Product_1659,,82.09944948,,,82.09944948
Product_1660,,-11.00472343,,,-11.00472343
Product_1661,58.17031927,256.948425,,,315.1187443
Product_1662,,1.14E-23,,,1.14E-23
Product_1663,,-0.497318437,,,-0.497318437
Product_1664,,5.015116516,,,5.015116516
Product_1665,,-3.440854915,,,-3.440854915
Product_1666,,2.426739543,,,2.426739543
Product_1667,,34.57092405,,,34.57092405
Product_1668,,17.17771772,,,17.17771772
Product_1669,644.1838356,293.2516836,,,937.4355192
Product_1670,-85.93643934,161.7360182,,,75.79957889
Product_1671,-2.543515808,10.60759663,,223.106796,231.1708769
Product_1672,41.88159845,607.8461053,,136.3286714,786.0563752
Product_1673,,16.49881925,,,16.49881925
Product_1674,,15.68701296,,,15.68701296
Product_1675,41.70181595,1414.270596,,27.02308017,1482.995492
Product_1676,1.27E-18,62.01664318,,,62.01664318
Product_1677,,10.07445484,,,10.07445484
Product_1678,,157.9257652,,,157.9257652
Product_1679,,58.28681574,,,58.28681574
Product_1680,,255.19502,,72.60393723,327.7989573
Product_1681,,9.435949362,,,9.435949362
Product_1682,,43.88211532,,,43.88211532
Product_1683,,4.749826002,,,4.749826002
Product_1684,,19.80422566,,,19.80422566
Product_1685,,-2.127997715,,,-2.127997715
Product_1686,,41.09777875,,,41.09777875
Product_1687,,125.2204305,,,125.2204305
Product_1688,-2.81E-20,28.0449687,,3.131757817,31.17672652
Product_1689,5.90E-21,-2.15674214,,,-2.15674214
Product_1690,,4.23604643,,,4.23604643
Product_1691,,-1.613918847,,,-1.613918847
Product_1692,,211.4931029,,,211.4931029
Product_1693,,3.572911572,,,3.572911572
Product_1694,,7.466719551,,,7.466719551
Product_1695,,0.385369624,,,0.385369624
Product_1696,,12.04561312,,,12.04561312
Product_1697,,0,,,0
Product_1698,-1.38E-52,,,,-1.38E-52
Product_1699,,112.9981638,,,112.9981638
Product_1700,,64.86708573,,,64.86708573
Product_1701,,6.889901288,,,6.889901288
Product_1702,,-1.665995006,,,-1.665995006
Product_1704,,19.97029289,,,19.97029289
Product_1705,18.78426317,-26.83844601,,2911.714818,2903.660635
Product_1706,85.88475767,,,,85.88475767
Product_1707,-1.786941543,,,,-1.786941543
Product_1708,,-6.83E-23,,,-6.83E-23
Product_1709,,5.954885213,,,5.954885213
Product_1710,,-16.46861704,,,-16.46861704
Product_1711,,13.98865216,,,13.98865216
Product_1712,,7.708720731,,,7.708720731
Product_1713,,12.8882667,,,12.8882667
Product_1714,,6.707470386,,,6.707470386
Product_1715,,13.24705514,,,13.24705514
Product_1716,-756.9277697,44.50194676,,,-712.4258229
Product_1717,,80.77588022,,,80.77588022
Product_1718,,-40.37825012,,,-40.37825012
Product_1719,-15.64360853,-185.9939516,,2459.586515,2257.948955
Product_1720,,1.978485319,,,1.978485319
Product_1722,,67.89683786,,303.1176437,371.0144815
Product_1723,,57.29612985,,4639.846842,4697.142972
Product_1724,1619.424919,,,,1619.424919
Product_1727,33.30561625,,,,33.30561625
Product_1728,,,,1194.274785,1194.274785
Product_1729,,4381.014263,,,4381.014263
Product_1730,,1012.721688,,,1012.721688
Product_1731,,873.472794,,,873.472794
Product_1732,,6648.071904,,,6648.071904
Product_1733,,,2512.293855,11197.92356,13710.21742
Product_1734,,,,6689.6849,6689.6849
Product_1735,,,,2872.347445,2872.347445
Product_1736,,,,14622.41249,14622.41249
Product_1737,,,,5675.239474,5675.239474
Product_1738,,,2423.645173,1659.365937,4083.01111
Product_1739,,,,18909.20821,18909.20821
Product_1740,,,9016.953761,31018.07653,40035.03029
Product_1741,,,,2498.508163,2498.508163
Product_1742,,,,3889.637248,3889.637248
Product_1743,,,,8274.720375,8274.720375
Product_1744,,,,8175.575157,8175.575157
Product_1745,,,,1110.141184,1110.141184
Product_1746,,,,6445.643145,6445.643145
Product_1747,,,,191.6063657,191.6063657
Product_1748,-20.21747729,,,,-20.21747729
Product_1749,,13.42067436,,,13.42067436
Product_1750,,2.103549612,,,2.103549612
Product_1751,-58.39397699,,,,-58.39397699
Product_1752,,56.34901919,,,56.34901919
Product_1753,,9.726042952,,,9.726042952
Product_1754,,12.13536098,,,12.13536098
Product_1755,,98.62024478,,,98.62024478
Product_1756,,-1.138239038,,,-1.138239038
Product_1757,,6.000276166,,,6.000276166
Product_1758,,28.38589513,,,28.38589513
Product_1759,,17.73965765,,,17.73965765
Product_1760,,27.23019508,,,27.23019508
Product_1761,,26.94016804,,,26.94016804
Product_1762,,17.79945619,,,17.79945619
Product_1763,,22.12975445,,,22.12975445
Product_1764,,-1.415262425,,,-1.415262425
Product_1765,,32802.01943,,,32802.01943
Product_1766,,67026.2387,13397.8158,12830.53378,93254.58828
Product_1767,,56.30647686,,,56.30647686
Product_1768,,8.19468572,,,8.19468572
Product_1769,,6.885574946,,,6.885574946
Product_1770,,63.33763996,,,63.33763996
Product_1771,,21.78547899,,,21.78547899
Product_1772,3.536953896,,,,3.536953896
Product_1773,5.49E-22,,,,5.49E-22
Product_1774,-0.744923925,118.6192787,,38.92181691,156.7961717
Product_1775,-8.505262784,,,,-8.505262784
Product_1776,-23.28268843,26.33546666,,,3.052778233
Product_1777,36.07212825,2.38159198,,,38.45372023
Product_1778,39.32975939,,,,39.32975939
Product_1779,,35.66509474,,,35.66509474
Product_1780,,6225.517576,,,6225.517576
Product_1781,,29.59934363,,,29.59934363
Product_1783,,-3.224724597,,,-3.224724597
Product_1784,,15121.32036,,,15121.32036
Product_1785,,1716.84811,,,1716.84811
Product_1786,7.098841303,3.239107389,,43.45126821,53.7892169
Product_1787,,16484.90069,,61091.89649,77576.79718
Product_1788,,97137.73097,,,97137.73097
Product_1789,,13966.14633,,,13966.14633
Product_1790,,1000,,,1000
Product_1792,0.669410602,3.000410416,43.41628176,74.79911977,121.8852226
Product_1794,28.9148837,,-0.601000598,1.047215201,29.3610983
Product_1795,,439.4603904,,,439.4603904
Product_1796,,124.9853743,,,124.9853743
Product_1797,,-14.67587313,,,-14.67587313
Product_1798,,207.3702848,,,207.3702848
Product_1799,,,,-3.05E-14,-3.05E-14
Product_1800,3.395040134,,,,3.395040134
Product_1801,,-1.227148491,,,-1.227148491
Product_1802,,34.6469225,,46.11126445,80.75818694
Product_1803,,33.0888392,,,33.0888392
Product_1804,,20.05259818,,,20.05259818
Product_1805,,5.909186485,,,5.909186485
Product_1806,,9.577228342,,,9.577228342
Product_1807,10.06407986,4.016772881,,,14.08085274
Product_1808,-3.42E-21,,,,-3.42E-21
Product_1809,,158.7092588,,,158.7092588
Product_1810,,3637.048606,,,3637.048606
Product_1811,,,,-7151.214746,-7151.214746
Product_1812,,14304.06937,,219108.2003,233412.2697
Product_1813,,28621.54002,,,28621.54002
Product_1814,52.09504494,,,,52.09504494
Product_1815,-67.75828359,35.02183735,,,-32.73644624
Product_1816,13.12064637,-2.36589994,,,10.75474643
Product_1817,,14192.26249,,15347.14229,29539.40478
Product_1818,,48471.19119,,,48471.19119
Product_1819,,13685.58115,,,13685.58115
Product_1820,,24032.05659,,,24032.05659
Product_1821,,21122.56868,,,21122.56868
Product_1822,120.9485519,34.62120565,,203.1019366,358.6716942
Product_1823,,66843.0424,71290.08814,,138133.1305
Product_1824,,23789.75321,,241058.0365,264847.7897
Product_1825,67894.01681,434290.5513,35024.23693,273073.5804,810282.3854
Product_1826,,41502.72464,,,41502.72464
Product_1827,,352.7557222,,,352.7557222
Product_1828,22.91832241,,,,22.91832241
Product_1829,,-1.75E-12,,,-1.75E-12
Product_1830,,-9.16E-13,,,-9.16E-13
Product_1831,,11145.88038,,,11145.88038
Product_1832,,30736.9395,,,30736.9395
Product_1833,,14954.95313,,11060.06685,26015.01998
Product_1834,19.97113498,-6.872083438,,,13.09905154
Product_1835,,,45060.34353,,45060.34353
Product_1836,4.572892323,2.848013936,,,7.420906259
Product_1837,0.512174645,,,,0.512174645
Product_1838,,14855.34783,,,14855.34783
Product_1839,158.3632006,498436.5405,,-11452.92298,487141.9807
Product_1840,,5443.016659,,,5443.016659
Product_1841,,25429.10176,,,25429.10176
Product_1842,,1.73E-12,,,1.73E-12
Product_1843,,24172.79426,,1543.044961,25715.83922
Product_1844,12.75970445,,,,12.75970445
Product_1845,,,,29567.2556,29567.2556
Product_1846,29443.77785,62023.21549,,33952.37995,125419.3733
Product_1847,880.648681,91.0955818,3859.178048,12138.59942,16969.52173
Product_1848,5662.369563,-35.76268805,,,5626.606875
Product_1850,,0,,,0
Product_1851,,12.25466205,,,12.25466205
Product_1852,,5.83979558,,,5.83979558
Product_1853,,22.39107632,,,22.39107632
Product_1854,,2.302312378,,,2.302312378
Product_1855,,65.45127868,,,65.45127868
Product_1856,,1.61799156,,,1.61799156
Product_1857,,4.3393384,,,4.3393384
Product_1858,,45.7207741,,,45.7207741
Product_1859,,29.33930745,-7.372362664,1.195903496,23.16284828
Product_1860,,7.131382747,,,7.131382747
Product_1861,,4.041555598,,,4.041555598
Product_1862,,3.274808345,,,3.274808345
Product_1864,,2.508621869,,,2.508621869
Product_1865,,5.011138947,,,5.011138947
Product_1866,,-15.26202256,,,-15.26202256
Product_1867,,7.005198066,,,7.005198066
Product_1868,,16.01012138,,,16.01012138
Product_1869,,29.8309557,,,29.8309557
Product_1870,,1.58306956,,,1.58306956
Product_1871,,-5.444510831,,,-5.444510831
Product_1872,,11.17880355,,,11.17880355
Product_1873,,0,,,0
Product_1874,,2.140462586,,,2.140462586
Product_1875,,44.68494201,,,44.68494201
Product_1876,,10.41679036,,,10.41679036
Product_1877,,12.42280677,,,12.42280677
Product_1878,,90295.53618,,,90295.53618
Product_1879,,2334.564035,,,2334.564035
Product_1880,,3294.536469,,,3294.536469
Product_1881,,10.1012302,,,10.1012302
Product_1882,,41.70882494,,,41.70882494
Product_1883,,29.76272803,,,29.76272803
Product_1884,,2667.757183,,4050.000675,6717.757858
Product_1885,,130.3842336,,,130.3842336
Product_1886,282.9170761,187004.221,7463.099252,110848.6936,305598.9309
Product_1887,,525.0177176,,0,525.0177176
Product_1888,,735.7284495,,,735.7284495
Product_1889,,6240.113162,,,6240.113162
Product_1891,29.8645496,268.5239731,,179.2496011,477.6381238
Product_1892,16.79523561,71.40907583,,-0.363182476,87.84112897
Product_1893,,0.407503229,,,0.407503229
Product_1894,,-4.715859005,,,-4.715859005
Product_1895,,-16.67833473,,,-16.67833473
Product_1896,,212.5159929,,,212.5159929
Product_1897,,69.77801298,,,69.77801298
Product_1898,-2.99E-21,-4.980191252,,,-4.980191252
Product_1899,,3955.346481,,,3955.346481
Product_1900,,11765.93311,,,11765.93311
Product_1901,,5964.206058,,,5964.206058
Product_1902,,,,10854.09964,10854.09964
Product_1903,,606.8565736,,695.3179936,1302.174567
Product_1904,,13767.00625,243910.3447,116943.7309,374621.0819
Product_1905,,16329.13145,,,16329.13145
Product_1906,,1230.572083,,,1230.572083
Product_1907,,111.3747107,,,111.3747107
Product_1908,112.6763562,10.80169882,,,123.478055
Product_1909,,14.10633667,,,14.10633667
Product_1916,,-0.73737603,,,-0.73737603
Product_1917,,-3.996152446,,,-3.996152446
Product_1918,3.822553955,,,,3.822553955
Product_1919,,1.256079107,,,1.256079107
Product_1920,,12.94231516,,,12.94231516
Product_1921,,3.505935936,,,3.505935936
Product_1922,,1.004186237,,,1.004186237
Product_1923,,2.594884787,,,2.594884787
Product_1924,,4.55266473,,,4.55266473
Product_1925,,,-44.82544769,,-44.82544769
Product_1926,,13.2144037,,,13.2144037
Product_1927,,8.233170211,,,8.233170211
Product_1928,,-0.429738493,,,-0.429738493
Product_1929,,13.52791364,,,13.52791364
Product_1930,,15.21699376,,,15.21699376
Product_1931,,4.50863408,,,4.50863408
Product_1932,,-3.404356229,,,-3.404356229
Product_1933,,-2.157804816,15.15046042,,12.9926556
Product_1934,,1.805706424,,,1.805706424
Product_1935,,,,9.524476498,9.524476498
Product_1936,,10.32497762,,,10.32497762
Product_1937,,7.371542903,,,7.371542903
Product_1938,,74.35494374,,,74.35494374
Product_1939,,8.234599529,,,8.234599529
Product_1940,,17.6835268,,,17.6835268
Product_1941,,28.47681356,,,28.47681356
Product_1942,,9.44E-23,-19.76875347,,-19.76875347
Product_1943,,1.853930587,,,1.853930587
Product_1944,,2.250613491,,,2.250613491
Product_1945,,-1.367121536,,,-1.367121536
Product_1946,,16.45339839,,,16.45339839
Product_1947,,7.300494774,,,7.300494774
Product_1948,,2.127719727,,,2.127719727
Product_1949,,2.222626957,,,2.222626957
Product_1950,,3.640566112,,,3.640566112
Product_1951,,3.99597681,,,3.99597681
Product_1952,,26.20589323,,,26.20589323
Product_1953,,8.720028129,,,8.720028129
Product_1954,,69.20183777,,,69.20183777
Product_1955,,-1.543191789,,,-1.543191789
Product_1956,,12.25186372,,,12.25186372
Product_1957,14.87713558,,,,14.87713558
Product_1958,166.4196584,,,,166.4196584
Product_1959,20.94118782,,,,20.94118782
Product_1960,31.58104989,,,,31.58104989
Product_1961,,9.32734009,,,9.32734009
Product_1962,,7.447061093,,,7.447061093
Product_1963,,2.306004597,,,2.306004597
Product_1964,,1.095653202,,,1.095653202
Product_1965,,-2.489892886,,,-2.489892886
Product_1966,,17200.85129,,-223.201497,16977.64979
Product_1967,,22012.61935,24822.52276,,46835.14211
Product_1968,,2574.142074,,,2574.142074
Product_1969,,74261.13811,108.4788778,515.6236501,74885.24063
Product_1970,,159084.4336,17214.85627,118703.6903,295002.9802
Product_1971,,3799.921499,,,3799.921499
Product_1972,,9437.044197,,,9437.044197
Product_1973,,24930.21615,,,24930.21615
Product_1974,,6.441122769,,,6.441122769
Product_1975,,1.786828926,,,1.786828926
Product_1976,2.072573349,,,,2.072573349
Product_1977,,54769.46059,,,54769.46059
Product_1978,-13.83227697,162.8902219,,,149.057945
Product_1979,,2401.250411,,,2401.250411
Product_1980,,,7324.545762,,7324.545762
Product_1981,,21226.04887,,,21226.04887
Product_1982,,242.5086047,,,242.5086047
Product_1983,,,,6846.435271,6846.435271
Product_1984,,2124.76557,,,2124.76557
Product_1985,,1742.179077,,,1742.179077
Product_1986,,5068.515328,297.2922978,-94.59914691,5271.208479
Product_1987,,4702.402121,,,4702.402121
Product_1988,,31658.91599,,,31658.91599
Product_1989,,,,3555.293541,3555.293541
Product_1990,,291.2528062,,,291.2528062
Product_1991,,79190.42584,1830.924006,,81021.34985
Product_1992,,11922.15463,,,11922.15463
Product_1993,,1926.326414,,,1926.326414
Product_1994,,2913.436672,,3220.615548,6134.052221
Product_1995,,7492.193874,,,7492.193874
Product_1996,,388.655073,,,388.655073
Product_1997,,38163.95626,8705.178136,11142.72392,58011.85831
Product_1998,,2900.076589,,,2900.076589
Product_1999,,11291.93421,,,11291.93421
Product_2000,,871.9224368,,,871.9224368
Product_2001,,45656.06923,338.6630821,437.7349454,46432.46726
Product_2002,,4326.937505,,0,4326.937505
Product_2003,,-45.25205142,189.2471314,,143.99508
Product_2004,,30139.2439,1659.096626,7268.607085,39066.94761
Product_2005,,1117.372058,,,1117.372058
Product_2006,,7424.580565,,,7424.580565
Product_2007,,2632.806743,,,2632.806743
Product_2008,,9591.974204,10285.24381,,19877.21802
Product_2010,,30484.10776,,,30484.10776
Product_2011,,6565.439759,,,6565.439759
Product_2012,,324.6956388,,,324.6956388
Product_2013,,1099.714964,,,1099.714964
Product_2014,,10093.29075,,,10093.29075
Product_2015,,54625.19319,10125.91564,,64751.10883
Product_2016,,2316.022945,,,2316.022945
Product_2017,,2816.268046,,,2816.268046
Product_2018,,6.00E-14,,,6.00E-14
Product_2019,,7045.618048,16795.69585,32022.53311,55863.84701
Product_2020,,912.8479309,,,912.8479309
Product_2021,,3402.373907,6688.599703,3041.900666,13132.87428
Product_2022,,,,834.9622284,834.9622284
Product_2023,,49.23452431,,,49.23452431
Product_2024,,-73.96215072,,,-73.96215072
Product_2025,,1888.095699,,,1888.095699
Product_2026,,-5.87E-14,,,-5.87E-14
Product_2027,,8373.337065,,,8373.337065
Product_2028,,4093.140553,,,4093.140553
Product_2029,,5904.112494,,,5904.112494
Product_2030,,536.1454736,,,536.1454736
Product_2031,,2938.52525,,,2938.52525
Product_2032,,16755.5729,,,16755.5729
Product_2033,,76031.45424,,,76031.45424
Product_2034,,144578.6713,,,144578.6713
Product_2035,,17453.83093,,,17453.83093
Product_2036,,21663.14531,,,21663.14531
Product_2037,,336.2758911,,,336.2758911
Product_2038,,33.17250024,,,33.17250024
Product_2039,2.103738661,80.09871012,,,82.20244878
Product_2041,,1730.765008,,,1730.765008
Product_2042,,71433.34183,,,71433.34183
Product_2043,,71352.6932,,,71352.6932
Product_2044,,41983.66088,,,41983.66088
Product_2045,,22203.3576,,,22203.3576
Product_2046,,21528.87839,,,21528.87839
Product_2047,,11341.72176,,,11341.72176
Product_2048,,11068.6386,,,11068.6386
Product_2049,,27.31948409,,,27.31948409
Product_2050,,-1143.795411,,,-1143.795411
Product_2051,-180.2683912,,,,-180.2683912
Product_2052,265.2688159,,,,265.2688159
Product_2053,131.6912146,,,,131.6912146
Product_2054,123.9867484,,,,123.9867484
Product_2055,445.5824726,,,,445.5824726
Product_2056,63.76616914,,,,63.76616914
Product_2057,81.08828075,,,,81.08828075
Product_2058,-7.34E-17,,,,-7.34E-17
Product_2059,-5.38E-15,,,,-5.38E-15
Product_2060,-3.401943188,,,,-3.401943188
Product_2061,,-1.78E-18,,,-1.78E-18
Product_2062,,-8.708400851,,,-8.708400851
Product_2063,,-793.3828215,,,-793.3828215
Product_2064,,-180,,,-180
Product_2065,,679.0068795,,,679.0068795
Product_2066,,1.25E-18,,,1.25E-18
Product_2067,,2.261451444,,,2.261451444
Product_2068,,420,,,420
Product_2070,900.00015,,,,900.00015
Product_2071,88.08934476,,,,88.08934476
Product_2072,1096.247459,,,285.0000475,1381.247506
Product_2073,99.08203938,,,,99.08203938
Product_2074,39.9627017,,,,39.9627017
Product_2075,223.3372543,59.96662009,,,283.3038744
Product_2076,874.2186808,3.63E-19,,,874.2186808
Product_2077,69.98940878,,,,69.98940878
Product_2078,3.56E-16,,,,3.56E-16
Product_2079,14.92606729,,,,14.92606729
Product_2080,-1.35E-15,,,,-1.35E-15
Product_2081,9.65E-13,230.1762888,,212.5252886,442.7015775
Product_2082,820.1783467,152.2670099,,706.8913981,1679.336755
Product_2083,-11.79419125,,,188.6826964,176.8885051
Product_2084,19.8825695,,,,19.8825695
Product_2085,99.26175918,,,-260,-160.7382408
Product_2086,21.19586157,,,,21.19586157
Product_2087,198.3088283,,,400.1118616,598.42069
Product_2088,1844.761616,2321.947539,,92.09316659,4258.802322
Product_2089,944.5504389,12.98081274,,4106.601919,5064.133171
Product_2090,20.97822359,,,-0.56111878,20.41710481
Product_2091,-8.50E-17,582.8876363,,,582.8876363
Product_2092,79.44911037,,,,79.44911037
Product_2093,73.93380356,22.08689587,,9.378181699,105.3988811
Product_2094,,40.04343417,,,40.04343417
Product_2095,343.455456,33.5942176,,74.74186422,451.7915378
Product_2096,,-1.18E-19,,,-1.18E-19
Product_2097,,,,-564,-564
Product_2104,,122.3071036,,,122.3071036
Product_2105,,59.50632934,,,59.50632934
Product_2106,,152.7704159,,,152.7704159
Product_2107,98.17013789,,,,98.17013789
Product_2108,1.18E-14,,,,1.18E-14
Product_2109,265.2937835,60.46903611,,,325.7628196
Product_2110,47.75665715,5.92E-19,,,47.75665715
Product_2111,602.5633745,9.539665427,,12.08782329,624.1908632
Product_2112,211.5566707,,,,211.5566707
Product_2113,36.8448746,38.68494093,,,75.52981553
Product_2114,1.151463896,657.7314244,,44.81053791,703.6934262
Product_2115,-81.56438016,678.8670784,,,597.3026983
Product_2116,-1.25E-16,0.81746177,,,0.81746177
Product_2117,-2.04E-19,,,,-2.04E-19
Product_2118,-220.0459634,,,9496.990325,9276.944362
Product_2119,-10.10127659,,,,-10.10127659
Product_2120,-40.30354823,,,,-40.30354823
Product_2121,121.1474377,,,,121.1474377
Product_2122,-6.005051392,,,,-6.005051392
Product_2123,624.9356688,,,,624.9356688
Product_2124,-27.89800608,,,364.2740328,336.3760267
Product_2125,,,,632.863132,632.863132
Product_2126,,,,313.9431732,313.9431732
Product_2127,,,,97.1396388,97.1396388
Product_2128,669.3926782,758.8039508,,1166.010904,2594.207533
Product_2129,,,,193.4304575,193.4304575
Product_2130,-51.26304752,,,,-51.26304752
Product_2131,,1.41E-21,,72.6403794,72.6403794
Product_2132,735.1736626,601.2630763,,17628.07643,18964.51317
Product_2133,,,,1572.839107,1572.839107
Product_2134,,-27.01842445,,,-27.01842445
Product_2135,,,,1953.027762,1953.027762
Product_2136,625.7631755,430.7541791,,3463.86818,4520.385535
Product_2137,,,,4489.67428,4489.67428
Product_2138,544.0530455,-275.9471025,7350.484852,7639.982924,15258.57372
Product_2139,,,,1445.576246,1445.576246
Product_2140,,-28.098509,,,-28.098509
Product_2141,,,,903.8956395,903.8956395
Product_2142,62.08942949,122.7263095,,1192.025193,1376.840932
Product_2143,,51.04685298,,1047.769181,1098.816034
Product_2144,19.86283869,39.7733817,,1525.551312,1585.187532
Product_2145,,,,332.5582616,332.5582616
Product_2146,,,,621.6788001,621.6788001
Product_2147,8.00E-33,,,,8.00E-33
Product_2148,,940.2363759,,,940.2363759
Product_2152,,0.884983916,,,0.884983916
Product_2153,,2.15E-14,,355.5801143,355.5801143
Product_2154,,1016.064628,,1934.104428,2950.169056
Product_2155,,30.23341407,,75.99267221,106.2260863
Product_2156,,,,69.63721105,69.63721105
Product_2157,,21.30215645,,547.5125323,568.8146887
Product_2158,,-5.920553277,,-17.85075122,-23.7713045
Product_2159,,,,1491.000248,1491.000248
Product_2160,,-2.96E-17,,-293.8924905,-293.8924905
Product_2162,,,,262.5000437,262.5000437
Product_2163,,-44.91805065,,,-44.91805065
Product_2164,140.5780912,,,,140.5780912
Product_2165,5.190606553,,-11.2338903,25.88084461,19.83756087
Product_2166,-9.38587343,32.64875047,44.15273079,-88.92024676,-21.50463893
Product_2167,543.1168573,3679.792064,4498.937282,721.9732042,9443.819408
Product_2168,31.98412057,1475.948175,,1149.407194,2657.33949
Product_2169,7.207904261,5.688068807,169.7048352,573.7502235,756.3510318
Product_2170,,,42.14359388,,42.14359388
Product_2171,,61.45215733,,,61.45215733
Product_2172,,-126.4359921,,,-126.4359921
